"Rk","School","G","W","L","W.L.","SRS","SOS","W.1","L.1","W.2","L.2","W.3","L.3","Tm.","Opp.","X.","MP","FG","FGA","FG.","X3P","X3PA","X3P.","FT","FTA","FT.","ORB","TRB","AST","STL","BLK","TOV","PF"
"1","Abilene Christian","22","10","12",".455","-10.48","-5.82","4","7","8","3","2","9","1503","1532","","900","538","1153",".467","149","400",".373","278","423",".657","157","678","296","163","68","318","483"
"2","Air Force","23","10","13",".435","-1.35","-0.15","3","7","10","4","0","7","1756","1721","","930","589","1333",".442","196","510",".384","382","527",".725","239","847","354","134","41","273","419"
"3","Akron","24","20","4",".833","4.27","-1.81","10","1","11","0","4","4","1887","1693","","960","646","1355",".477","250","663",".377","345","511",".675","239","847","351","126","78","283","439"
"4","Alabama A&M","22","1","21",".045","-27.89","-9.75","1","10","0","8","1","13","1310","1709","","880","462","1164",".397","94","350",".269","290","441",".658","206","653","237","81","36","291","387"
"5","Alabama-Birmingham","24","14","10",".583","0.99","-1.67","7","4","9","2","4","6","1772","1679","","970","617","1315",".469","152","423",".359","386","516",".748","228","873","377","124","116","340","402"
"6","Alabama State","23","7","16",".304","-18.43","-9.43","5","6","5","3","1","12","1474","1665","","925","525","1352",".388","150","524",".286","274","442",".620","303","861","226","122","69","365","454"
"7","Alabama","23","14","9",".609","10.07","5.86","7","4","8","3","3","4","1616","1519","","940","551","1301",".424","160","498",".321","354","543",".652","292","921","269","155","107","331","457"
"8","Albany (NY)","26","15","11",".577","-0.40","-3.60","6","5","8","4","6","6","1877","1756","","1040","684","1456",".470","128","357",".359","381","507",".751","297","941","322","144","37","319","463"
"9","Alcorn State","22","11","11",".500","-12.75","-7.64","8","3","8","2","3","9","1504","1515","","880","540","1294",".417","151","468",".323","273","415",".658","267","857","303","143","80","315","430"
"10","American","23","5","18",".217","-10.30","-2.56","2","10","4","9","1","9","1405","1583","","925","529","1189",".445","123","414",".297","224","362",".619","157","660","252","160","54","304","432"
"11","Appalachian State","22","6","16",".273","-7.50","-0.35","1","10","5","4","1","12","1641","1657","","885","555","1298",".428","187","531",".352","344","499",".689","247","827","310","116","73","300","466"
"12","Arizona State","24","11","13",".458","4.89","6.27","4","7","7","4","3","5","1948","1981","","960","667","1505",".443","240","649",".370","374","502",".745","230","812","314","143","80","255","422"
"13","Arizona","24","21","3",".875","17.63","5.96","10","1","12","0","6","1","1807","1527","","960","627","1320",".475","152","394",".386","401","524",".765","249","892","333","141","77","286","398"
"14","Arkansas-Little Rock","24","13","11",".542","-4.79","-4.07","4","7","8","5","3","5","1729","1674","","970","615","1356",".454","159","447",".356","340","454",".749","234","803","300","138","84","294","428"
"15","Arkansas-Pine Bluff","25","6","19",".240","-20.28","-8.42","5","6","5","3","1","16","1570","1810","","1025","555","1383",".401","163","495",".329","297","452",".657","262","800","273","221","67","442","569"
"16","Arkansas State","24","18","6",".750","3.37","-1.37","9","2","10","0","7","5","1796","1644","","960","635","1341",".474","175","444",".394","351","544",".645","244","858","320","133","65","322","493"
"17","Arkansas","24","17","7",".708","12.04","6.17","6","5","12","2","3","4","1925","1784","","960","666","1445",".461","158","422",".374","435","584",".745","288","880","349","178","111","289","514"
"18","Army","24","9","15",".375","-5.44","-3.53","3","9","7","7","2","8","1807","1813","","975","653","1479",".442","230","646",".356","271","413",".656","242","911","404","138","45","334","481"
"19","Auburn","24","16","8",".667","9.06","6.89","5","6","8","3","5","3","1916","1864","","965","635","1461",".435","203","571",".356","443","657",".674","273","882","307","181","122","330","508"
"20","Austin Peay","25","8","17",".320","-10.62","-1.18","4","7","3","8","3","9","1936","2094","","1015","673","1430",".471","182","532",".342","408","578",".706","203","760","270","151","58","321","467"
"21","Ball State","24","15","9",".625","-2.03","-4.98","6","5","9","4","4","4","1891","1783","","970","665","1418",".469","205","550",".373","356","495",".719","258","909","383","150","84","364","471"
"22","Baylor","23","20","3",".870","21.09","10.37","7","3","12","1","4","2","1703","1413","","920","607","1280",".474","153","423",".362","336","463",".726","288","879","366","130","115","313","396"
"23","Belmont","21","17","4",".810","5.67","-1.90","11","0","8","1","9","2","1643","1484","","845","578","1202",".481","219","626",".350","268","348",".770","165","737","352","91","53","276","379"
"24","Bethune-Cookman","23","5","18",".217","-19.94","-9.32","2","7","4","7","1","10","1651","1842","","950","619","1510",".410","154","508",".303","259","416",".623","310","826","331","182","64","291","467"
"25","Binghamton","26","12","14",".462","-10.22","-4.96","3","8","7","4","4","10","1811","1847","","1045","642","1422",".451","214","569",".376","313","438",".715","205","851","355","134","63","339","432"
"26","Boise State","22","15","7",".682","6.26","2.12","8","3","8","2","6","4","1640","1514","","880","547","1233",".444","168","502",".335","378","534",".708","233","815","255","104","49","285","457"
"27","Boston College","24","9","15",".375","4.04","6.79","2","9","8","7","0","5","1759","1825","","960","634","1398",".454","192","506",".379","299","443",".675","229","864","367","127","70","366","448"
"28","Boston University","24","13","11",".542","-1.11","-3.11","8","4","10","3","3","8","1774","1691","","965","625","1409",".444","215","599",".359","309","444",".696","259","888","356","193","56","345","464"
"29","Bowling Green State","24","11","13",".458","-5.27","-2.53","5","6","9","5","1","8","1794","1831","","975","628","1481",".424","172","494",".348","366","552",".663","275","885","309","166","62","310","471"
"30","Bradley","25","9","16",".360","-4.51","2.91","4","8","6","6","2","8","1632","1795","","1005","550","1293",".425","168","467",".360","364","543",".670","211","855","279","151","90","388","503"
"31","Brigham Young","25","17","8",".680","9.74","0.58","8","4","13","2","2","3","2047","1818","","1000","704","1529",".460","162","473",".342","477","653",".730","253","1069","411","168","123","341","485"
"32","Brown","22","11","11",".500","-6.70","-3.60","2","4","8","2","3","7","1700","1700","","880","544","1216",".447","177","466",".380","435","573",".759","211","695","301","175","44","328","435"
"33","Bryant","25","8","17",".320","-9.31","-3.44","5","7","5","4","2","13","1813","1927","","1030","642","1484",".433","170","511",".333","359","495",".725","268","887","347","170","51","334","534"
"34","Bucknell","25","19","6",".760","4.70","-2.58","11","1","9","2","8","4","1875","1693","","1000","653","1359",".481","193","524",".368","376","555",".677","220","857","341","179","91","343","443"
"35","Buffalo","24","12","12",".500","1.01","-0.17","6","5","5","2","5","7","1848","1769","","965","657","1472",".446","178","556",".320","356","524",".679","302","982","366","131","100","351","554"
"36","Butler","24","19","5",".792","18.47","9.93","8","4","11","2","4","3","1825","1620","","970","638","1351",".472","184","499",".369","365","497",".734","206","778","310","144","69","242","451"
"37","Cal Poly","23","7","16",".304","-10.93","-2.93","2","7","5","4","2","10","1534","1674","","925","540","1340",".403","191","562",".340","263","385",".683","228","722","252","129","73","235","430"
"38","Cal State Bakersfield","22","15","7",".682","0.97","-3.45","6","1","8","0","6","6","1596","1410","","885","583","1280",".455","150","410",".366","280","440",".636","291","847","322","181","62","339","494"
"39","Cal State Fullerton","21","10","11",".476","-9.18","-6.71","4","4","8","3","2","6","1591","1546","","865","551","1199",".460","134","406",".330","355","533",".666","216","803","274","124","81","329","458"
"40","Cal State Northridge","23","10","13",".435","-6.37","-2.32","6","4","6","5","4","5","1812","1878","","920","618","1330",".465","111","306",".363","465","650",".715","232","838","333","155","79","323","494"
"41","UC-Davis","23","14","9",".609","-4.96","-4.91","6","2","6","0","6","6","1634","1598","","920","567","1278",".444","144","413",".349","356","526",".677","214","803","323","117","60","323","454"
"42","UC-Irvine","25","13","12",".520","-0.75","-1.10","6","3","7","2","6","7","1759","1666","","1010","643","1438",".447","176","504",".349","297","434",".684","274","991","334","123","107","340","551"
"43","UC-Riverside","21","8","13",".381","-9.58","-2.90","5","4","5","4","3","9","1385","1430","","840","505","1223",".413","125","396",".316","250","365",".685","203","745","236","143","58","292","418"
"44","UC-Santa Barbara","21","3","18",".143","-13.47","-0.27","1","8","3","7","0","9","1316","1556","","845","478","1302",".367","124","439",".282","236","361",".654","297","790","258","112","40","252","396"
"45","University of California","23","17","6",".739","12.37","5.19","8","3","14","2","2","2","1616","1451","","940","569","1313",".433","155","452",".343","323","501",".645","273","920","293","112","120","287","424"
"46","Campbell","24","11","13",".458","-11.28","-6.24","4","8","6","6","4","6","1746","1733","","970","595","1303",".457","184","497",".370","372","494",".753","188","783","288","164","101","317","453"
"47","Canisius","25","15","10",".600","-1.18","-2.66","8","6","6","4","8","6","2007","1970","","1010","699","1513",".462","228","606",".376","381","519",".734","272","834","451","170","49","332","497"
"48","Central Arkansas","24","6","18",".250","-12.05","-1.34","5","6","3","5","3","12","1748","2005","","965","615","1401",".439","156","428",".364","362","491",".737","229","837","340","138","61","354","448"
"49","Central Connecticut State","23","5","18",".217","-16.47","-6.51","3","9","2","7","3","11","1429","1658","","930","526","1262",".417","108","322",".335","269","433",".621","261","765","264","133","53","326","427"
"50","Central Florida","23","15","8",".652","8.79","1.18","6","5","11","2","2","5","1580","1405","","925","533","1208",".441","158","474",".333","356","538",".662","258","993","266","80","85","355","367"
"51","Central Michigan","24","16","8",".667","-1.86","-2.58","6","5","10","1","4","5","2158","2029","","965","695","1610",".432","304","831",".366","464","592",".784","284","954","286","142","63","265","451"
"52","Charleston Southern","23","8","15",".348","-11.41","-4.41","4","8","6","6","2","9","1705","1714","","935","612","1394",".439","176","526",".335","305","466",".655","255","825","263","133","75","285","475"
"53","Charlotte","22","11","11",".500","-3.57","-0.34","5","6","9","4","2","5","1735","1790","","885","608","1353",".449","177","457",".387","342","448",".763","181","720","272","142","66","277","423"
"54","Chattanooga","23","17","6",".739","4.59","-1.65","8","3","11","1","5","4","1795","1574","","920","617","1284",".481","170","486",".350","391","541",".723","252","756","274","198","113","313","429"
"55","Chicago State","25","6","19",".240","-14.93","0.48","1","7","3","4","2","14","1662","1945","","1020","598","1512",".396","176","541",".325","290","425",".682","260","872","298","166","56","340","486"
"56","Cincinnati","23","21","2",".913","19.59","3.59","10","0","14","0","6","1","1788","1420","","930","663","1388",".478","172","484",".355","290","443",".655","275","875","388","172","126","248","362"
"57","Citadel","25","9","16",".360","-13.22","-1.81","2","10","7","6","2","10","2327","2437","","1015","772","1851",".417","306","909",".337","477","625",".763","357","938","436","245","62","355","583"
"58","Clemson","23","13","10",".565","13.40","9.66","3","8","8","3","3","4","1726","1640","","925","609","1345",".453","180","504",".357","328","463",".708","252","776","312","180","103","258","352"
"59","Cleveland State","24","7","17",".292","-5.38","-0.12","3","9","4","4","1","12","1611","1715","","970","577","1403",".411","168","545",".308","289","421",".686","259","782","254","172","75","331","500"
"60","Coastal Carolina","24","11","13",".458","-3.76","0.15","6","5","8","5","2","8","1718","1738","","965","621","1480",".420","203","612",".332","273","413",".661","304","984","287","127","60","322","416"
"61","Colgate","25","8","17",".320","-8.61","-3.28","6","6","3","6","5","9","1673","1778","","1020","590","1354",".436","214","596",".359","279","418",".667","208","818","322","129","65","362","475"
"62","College of Charleston","25","19","6",".760","5.10","0.44","10","2","10","1","8","3","1669","1543","","1005","542","1327",".408","152","472",".322","433","586",".739","216","855","250","151","87","264","442"
"63","Colorado State","25","16","9",".640","5.60","1.56","8","4","10","4","5","4","1814","1688","","1000","607","1419",".428","167","484",".345","433","584",".741","297","968","278","149","93","298","452"
"64","Colorado","24","13","11",".542","8.42","5.69","3","8","9","3","3","7","1822","1749","","970","622","1402",".444","174","498",".349","404","578",".699","294","935","337","107","106","313","450"
"65","Columbia","19","10","9",".526","-3.91","-3.41","4","2","6","5","4","4","1414","1381","","765","506","1129",".448","153","417",".367","249","351",".709","188","680","308","132","55","252","375"
"66","Connecticut","22","10","12",".455","6.25","6.54","5","5","6","4","2","6","1466","1461","","890","527","1228",".429","140","423",".331","272","394",".690","225","821","298","98","126","277","374"
"67","Coppin State","25","5","20",".200","-22.17","-5.00","4","6","3","5","2","14","1576","1968","","1010","535","1435",".373","172","534",".322","334","532",".628","287","850","246","139","49","335","499"
"68","Cornell","21","6","15",".286","-7.78","-1.53","2","4","3","6","2","8","1526","1623","","845","557","1231",".452","185","552",".335","227","336",".676","155","730","329","111","58","303","391"
"69","Creighton","24","20","4",".833","18.94","7.63","7","4","11","3","6","1","2032","1740","","960","767","1473",".521","210","521",".403","288","424",".679","199","847","421","157","82","283","372"
"70","Dartmouth","19","4","15",".211","-11.41","-3.72","1","5","2","6","2","9","1241","1387","","760","424","1019",".416","133","402",".331","260","358",".726","179","657","201","85","32","280","347"
"71","Davidson","21","12","9",".571","7.36","2.74","5","5","6","3","4","4","1569","1472","","840","531","1222",".435","197","579",".340","310","404",".767","201","780","329","113","72","259","395"
"72","Dayton","23","18","5",".783","14.06","3.42","9","2","11","1","4","2","1735","1469","","920","598","1272",".470","184","497",".370","355","517",".687","198","832","358","184","96","280","414"
"73","Delaware State","26","8","18",".308","-18.32","-6.78","5","6","3","5","5","13","1809","2016","","1055","647","1527",".424","228","617",".370","287","447",".642","284","841","357","151","69","364","496"
"74","Delaware","25","9","16",".360","-10.58","-1.50","2","10","7","4","2","10","1604","1772","","1000","569","1377",".413","150","493",".304","316","450",".702","248","900","284","133","81","324","457"
"75","Denver","24","15","9",".625","0.15","-3.77","7","4","8","3","6","6","1842","1748","","970","654","1344",".487","189","461",".410","345","470",".734","225","866","373","123","54","328","484"
"76","DePaul","23","8","15",".348","2.39","5.52","1","9","8","6","0","6","1620","1692","","925","566","1319",".429","131","395",".332","357","477",".748","254","780","274","154","69","312","446"
"77","Detroit Mercy","24","6","18",".250","-10.49","-0.88","4","8","4","6","2","12","1862","2053","","975","663","1461",".454","192","525",".366","344","537",".641","245","791","313","156","60","349","584"
"78","Drake","25","7","18",".280","-2.83","2.21","5","8","6","6","1","8","1808","1914","","1015","628","1507",".417","215","630",".341","337","447",".754","264","893","326","154","59","327","458"
"79","Drexel","25","8","17",".320","-7.45","-2.20","2","10","4","5","4","12","1929","2015","","1020","693","1577",".439","198","560",".354","345","512",".674","308","937","370","145","75","332","502"
"80","Duke","23","18","5",".783","22.53","7.87","6","4","11","1","3","3","1898","1561","","920","653","1355",".482","186","506",".368","406","545",".745","253","868","321","148","99","274","429"
"81","Duquesne","24","9","15",".375","-3.08","1.55","2","9","7","7","1","7","1687","1798","","960","597","1412",".423","169","524",".323","324","484",".669","268","933","298","123","99","357","441"
"82","East Carolina","24","11","13",".458","-1.60","0.40","3","8","10","4","0","8","1479","1527","","960","510","1307",".390","137","461",".297","322","497",".648","281","929","293","130","132","340","398"
"83","East Tennessee State","24","18","6",".750","8.09","-2.32","8","3","9","2","6","4","1935","1673","","970","669","1365",".490","181","481",".376","416","611",".681","262","901","364","199","108","365","488"
"84","Eastern Illinois","24","11","13",".458","-5.40","-4.63","3","8","6","6","5","7","1781","1704","","990","643","1547",".416","200","563",".355","295","402",".734","296","892","360","165","92","307","465"
"85","Eastern Kentucky","26","10","16",".385","-9.37","-2.03","3","8","6","5","3","10","1854","1983","","1065","633","1491",".425","195","625",".312","393","560",".702","257","883","358","149","92","373","523"
"86","Eastern Michigan","24","13","11",".542","0.23","0.33","5","6","8","3","4","7","1884","1719","","970","674","1494",".451","144","434",".332","392","528",".742","311","885","335","249","115","310","509"
"87","Eastern Washington","24","16","8",".667","-2.17","-2.26","8","3","12","1","4","7","1897","1845","","1010","674","1419",".475","196","526",".373","353","470",".751","228","843","315","120","124","292","472"
"88","Elon","25","15","10",".600","1.38","-0.54","7","5","8","3","5","6","1870","1764","","1015","671","1489",".451","238","670",".355","290","417",".695","223","926","374","135","61","306","418"
"89","Evansville","25","11","14",".440","1.73","2.51","2","10","10","4","1","7","1694","1655","","1015","595","1331",".447","95","269",".353","409","580",".705","227","856","335","139","69","302","499"
"90","Fairfield","22","11","11",".500","-3.72","-3.54","6","7","6","5","4","6","1634","1638","","885","592","1322",".448","189","543",".348","261","377",".692","193","795","324","125","63","315","414"
"91","Fairleigh Dickinson","23","10","13",".435","-8.53","-3.90","8","4","6","3","3","9","1670","1724","","925","579","1316",".440","156","475",".328","356","467",".762","213","754","284","140","61","294","478"
"92","Florida A&M","23","6","17",".261","-20.15","-10.15","4","6","4","8","2","8","1662","1831","","925","589","1376",".428","157","439",".358","327","502",".651","229","799","301","163","75","326","442"
"93","Florida Atlantic","21","8","13",".381","-5.80","-1.91","4","6","4","6","4","5","1486","1506","","850","529","1268",".417","145","436",".333","283","403",".702","222","759","250","117","69","252","399"
"94","Florida Gulf Coast","25","19","6",".760","2.33","-1.86","8","1","11","2","8","3","1991","1730","","1005","748","1460",".512","164","444",".369","331","477",".694","269","932","400","156","91","333","467"
"95","Florida International","23","5","18",".217","-8.89","-3.08","1","9","5","6","0","10","1605","1691","","945","595","1311",".454","123","389",".316","292","396",".737","238","795","241","131","48","314","434"
"96","Florida State","24","20","4",".833","21.78","7.99","8","3","15","0","2","3","2025","1694","","960","721","1470",".490","178","477",".373","405","580",".698","275","902","361","188","129","298","472"
"97","Florida","24","19","5",".792","23.61","9.61","9","2","6","1","5","2","1905","1569","","965","647","1425",".454","184","511",".360","427","595",".718","290","904","311","194","121","278","447"
"98","Fordham","23","10","13",".435","-2.21","1.34","4","6","7","6","3","6","1555","1607","","935","548","1319",".415","190","573",".332","269","366",".735","196","663","314","235","59","303","451"
"99","Fresno State","23","14","9",".609","2.95","1.09","6","5","10","2","4","7","1711","1625","","930","603","1286",".469","141","408",".346","364","551",".661","220","824","307","198","94","311","486"
"100","Furman","24","16","8",".667","2.44","-3.38","9","2","8","2","8","6","1803","1576","","965","640","1332",".480","215","554",".388","308","441",".698","215","851","370","170","59","316","416"
"101","Gardner-Webb","25","14","11",".560","-4.41","-4.91","7","5","7","4","6","6","1897","1738","","1005","700","1438",".487","149","407",".366","348","573",".607","276","927","377","222","84","352","496"
"102","George Mason","23","15","8",".652","3.08","-0.19","5","5","7","5","6","2","1736","1639","","940","610","1343",".454","132","373",".354","384","534",".719","266","930","281","123","67","292","408"
"103","George Washington","23","12","11",".522","1.50","2.50","4","6","9","2","3","6","1594","1617","","920","521","1258",".414","183","503",".364","369","496",".744","275","862","301","118","88","317","365"
"104","Georgetown","25","13","12",".520","13.05","9.17","4","8","8","6","3","3","1887","1790","","1010","638","1379",".463","173","477",".363","438","592",".740","240","895","391","141","123","350","530"
"105","Georgia Southern","24","16","8",".667","-1.27","-3.04","9","2","9","1","5","7","1891","1755","","965","642","1435",".447","223","618",".361","384","569",".675","258","882","266","171","81","279","471"
"106","Georgia State","23","16","7",".696","0.70","-1.87","9","2","9","2","5","5","1749","1622","","925","633","1327",".477","179","485",".369","304","467",".651","241","797","293","191","95","327","474"
"107","Georgia Tech","24","14","10",".583","7.55","8.02","5","6","11","3","2","7","1637","1610","","965","586","1346",".435","109","311",".350","356","516",".690","258","892","369","150","150","338","406"
"108","Georgia","24","13","11",".542","11.97","9.66","4","7","9","3","3","6","1727","1660","","970","594","1345",".442","124","381",".325","415","560",".741","244","915","334","139","98","335","462"
"109","Gonzaga","24","24","0","1.000","25.53","1.87","12","0","13","0","7","0","2049","1481","","960","745","1450",".514","192","502",".382","367","498",".737","243","969","410","177","106","265","410"
"110","Grambling","24","10","14",".417","-19.44","-9.44","5","6","8","1","1","11","1712","1811","","975","613","1437",".427","147","457",".322","339","539",".629","289","814","260","219","56","332","474"
"111","Grand Canyon","24","15","9",".625","-1.80","-3.71","4","3","11","3","2","6","1761","1658","","970","608","1393",".436","154","486",".317","391","580",".674","252","881","310","183","58","311","431"
"112","Green Bay","24","15","9",".625","-1.61","-1.84","9","3","9","2","5","6","1939","1850","","975","678","1537",".441","160","473",".338","423","621",".681","286","989","337","193","102","334","464"
"113","Hampton","23","10","13",".435","-12.53","-7.67","7","3","7","4","3","8","1582","1658","","930","554","1347",".411","143","457",".313","331","470",".704","270","835","266","104","77","331","475"
"114","Hartford","25","6","19",".240","-15.34","-5.06","1","9","4","7","2","12","1650","1907","","1010","565","1402",".403","208","599",".347","312","458",".681","228","813","289","179","87","370","482"
"115","Harvard","19","12","7",".632","1.51","-1.79","4","2","7","3","5","3","1319","1211","","760","457","1047",".436","155","438",".354","250","341",".733","197","676","278","127","104","266","373"
"116","Hawaii","22","11","11",".500","-5.07","-3.74","5","4","9","7","2","2","1514","1511","","885","504","1208",".417","157","495",".317","349","468",".746","209","706","300","104","34","314","417"
"117","High Point","24","13","11",".542","-7.69","-5.07","7","5","7","6","6","5","1670","1650","","970","575","1305",".441","157","407",".386","363","497",".730","244","860","311","142","67","333","420"
"118","Hofstra","25","12","13",".480","-3.02","-2.07","4","8","7","5","3","6","1943","1933","","1010","674","1511",".446","223","613",".364","372","548",".679","305","934","332","118","69","276","424"
"119","Holy Cross","25","12","13",".480","-4.99","-2.47","6","6","7","3","5","10","1523","1586","","1000","525","1216",".432","186","535",".348","287","420",".683","145","625","336","235","57","285","387"
"120","Houston Baptist","21","9","12",".429","-8.65","-1.93","5","6","8","1","1","11","1612","1627","","840","583","1289",".452","127","394",".322","319","466",".685","285","797","293","139","53","304","431"
"121","Houston","24","17","7",".708","13.32","2.23","7","4","11","3","3","4","1805","1538","","965","643","1396",".461","199","496",".401","320","445",".719","263","854","315","126","91","258","446"
"122","Howard","24","5","19",".208","-17.83","-4.79","2","7","3","5","2","13","1489","1758","","960","505","1279",".395","118","406",".291","363","570",".637","283","864","209","128","77","367","436"
"123","Idaho State","22","5","17",".227","-13.41","-1.60","3","7","4","3","1","12","1532","1750","","890","523","1209",".433","187","490",".382","299","446",".670","152","648","237","164","51","306","407"
"124","Idaho","22","12","10",".545","-4.79","-4.84","7","4","9","3","3","7","1606","1556","","905","537","1245",".431","162","457",".354","370","516",".717","244","819","288","120","58","294","480"
"125","Illinois-Chicago","24","12","12",".500","-4.33","-3.38","5","6","7","6","4","5","1867","1814","","975","628","1393",".451","174","470",".370","437","613",".713","278","950","350","131","113","388","455"
"126","Illinois State","25","20","5",".800","11.17","2.88","12","1","12","0","6","4","1768","1555","","1005","628","1412",".445","204","554",".368","308","466",".661","260","930","341","183","112","322","461"
"127","Illinois","25","14","11",".560","10.33","9.87","4","8","10","4","0","5","1831","1773","","1005","657","1457",".451","179","498",".359","338","481",".703","262","901","336","125","61","317","457"
"128","Incarnate Word","22","10","12",".455","-11.87","-4.42","5","6","9","3","1","9","1699","1778","","885","573","1256",".456","169","440",".384","384","560",".686","188","737","284","132","109","286","450"
"129","Indiana State","24","8","16",".333","-0.93","4.51","2","10","6","5","2","8","1712","1796","","995","596","1437",".415","200","579",".345","320","473",".677","221","864","313","162","95","303","521"
"130","Indiana","24","15","9",".625","16.37","5.95","5","6","13","2","1","5","1968","1718","","985","691","1407",".491","212","547",".388","374","515",".726","298","957","353","157","118","365","467"
"131","Iona","25","16","9",".640","1.62","-2.43","9","5","7","1","5","6","1990","1889","","1010","698","1533",".455","245","621",".395","349","455",".767","235","902","393","162","77","305","470"
"132","Iowa State","23","14","9",".609","18.87","9.18","6","5","8","3","3","4","1846","1623","","940","689","1508",".457","220","583",".377","248","372",".667","244","852","359","197","77","239","365"
"133","Iowa","24","14","10",".583","9.71","5.96","6","5","12","3","1","5","1937","1847","","975","685","1503",".456","203","554",".366","364","534",".682","285","936","422","172","98","327","422"
"134","IPFW","24","16","8",".667","2.46","-2.87","5","5","11","1","5","7","2105","1833","","970","773","1549",".499","257","621",".414","302","404",".748","255","921","407","198","102","333","419"
"135","IUPUI","24","10","14",".417","-4.57","-1.53","4","6","7","2","3","12","1887","1891","","970","672","1484",".453","217","549",".395","326","478",".682","278","855","360","149","71","315","482"
"136","Jackson State","24","9","15",".375","-15.30","-8.49","5","6","6","3","3","11","1529","1636","","960","540","1416",".381","167","553",".302","282","428",".659","319","861","278","153","63","286","498"
"137","Jacksonville State","26","15","11",".577","-4.38","-3.97","7","4","4","3","9","8","1837","1804","","1045","651","1417",".459","185","488",".379","350","502",".697","277","936","368","126","97","359","483"
"138","Jacksonville","26","15","11",".577","-9.85","-8.44","3","6","6","5","7","6","2047","1947","","1045","702","1489",".471","257","625",".411","386","527",".732","246","863","359","212","50","340","498"
"139","James Madison","25","7","18",".280","-5.75","-1.37","5","7","5","7","2","11","1626","1714","","1010","571","1292",".442","156","474",".329","328","461",".711","236","862","288","149","69","369","513"
"140","Kansas State","24","16","8",".667","15.94","7.40","5","6","10","3","3","4","1783","1578","","965","628","1327",".473","180","478",".377","347","513",".676","245","815","389","202","97","315","415"
"141","Kansas","24","21","3",".875","23.10","11.31","9","2","11","1","6","1","2007","1724","","970","732","1479",".495","211","506",".417","332","519",".640","302","955","400","171","112","317","445"
"142","Kennesaw State","25","11","14",".440","-8.49","-5.71","5","4","7","3","4","11","1867","1912","","1000","692","1517",".456","175","414",".423","308","438",".703","281","901","399","123","80","341","468"
"143","Kent State","24","13","11",".542","0.69","-3.22","5","6","7","4","4","4","1889","1743","","980","674","1567",".430","175","536",".326","366","513",".713","397","1014","310","160","98","354","476"
"144","Kentucky","24","19","5",".792","25.23","9.31","9","2","11","2","3","3","2166","1784","","965","770","1581",".487","179","501",".357","447","644",".694","320","968","407","154","137","288","464"
"145","La Salle","21","12","9",".571","3.60","3.37","6","4","9","2","3","5","1678","1673","","860","561","1198",".468","186","483",".385","370","477",".776","184","683","312","139","49","254","417"
"146","Lafayette","23","6","17",".261","-16.02","-3.11","2","10","3","9","3","8","1532","1779","","925","555","1297",".428","175","524",".334","247","363",".680","161","738","299","121","63","344","410"
"147","Lamar","23","14","9",".609","-6.63","-7.58","6","4","10","2","4","7","1803","1613","","930","632","1374",".460","180","501",".359","359","556",".646","281","850","337","193","65","303","481"
"148","Lehigh","23","13","10",".565","1.64","-2.41","7","5","7","2","6","8","1750","1640","","925","623","1269",".491","190","479",".397","314","415",".757","160","779","350","152","64","334","392"
"149","Liberty","25","15","10",".600","-4.26","-5.35","10","2","9","5","6","5","1676","1562","","1005","560","1271",".441","227","626",".363","329","448",".734","126","712","329","170","57","264","479"
"150","Lipscomb","26","15","11",".577","-1.43","-2.86","7","2","9","3","6","6","2212","2024","","1045","726","1551",".468","264","727",".363","496","685",".724","275","975","454","169","81","404","565"
"151","Long Beach State","25","10","15",".400","-6.48","2.44","5","4","8","1","1","13","1902","2052","","1015","658","1499",".439","164","469",".350","422","574",".735","278","880","330","159","68","373","520"
"152","Long Island University","25","14","11",".560","-8.87","-7.54","7","5","6","4","5","6","1732","1726","","1005","613","1433",".428","141","420",".336","365","536",".681","332","952","264","144","92","365","512"
"153","Longwood","23","6","17",".261","-21.68","-5.49","3","9","5","6","1","11","1538","1846","","920","564","1269",".444","150","446",".336","260","363",".716","167","716","255","136","97","367","416"
"154","Louisiana-Lafayette","24","14","10",".583","-0.74","-2.61","4","7","9","3","5","7","1957","1812","","960","687","1485",".463","168","494",".340","415","606",".685","327","924","342","170","69","313","431"
"155","Louisiana-Monroe","24","7","17",".292","-8.48","-2.25","1","10","6","3","1","11","1586","1659","","980","588","1399",".420","176","525",".335","234","357",".655","256","865","316","109","44","316","424"
"156","Louisiana State","23","9","14",".391","1.60","8.25","1","10","7","6","1","5","1726","1879","","920","651","1424",".457","152","439",".346","272","416",".654","268","840","309","139","94","338","447"
"157","Louisiana Tech","24","16","8",".667","6.11","-3.53","8","3","12","2","3","6","1846","1576","","965","662","1411",".469","181","509",".356","341","488",".699","228","891","397","166","136","304","372"
"158","Louisville","24","19","5",".792","25.36","10.52","7","4","12","1","4","3","1860","1504","","965","668","1475",".453","165","461",".358","359","517",".694","323","965","328","168","142","266","469"
"159","Loyola (IL)","25","16","9",".640","5.54","0.37","6","6","11","2","3","6","1899","1693","","1020","693","1379",".503","209","522",".400","304","432",".704","161","775","383","177","58","298","438"
"160","Loyola Marymount","23","11","12",".478","-0.05","0.81","4","8","7","6","4","6","1656","1627","","925","619","1362",".454","160","459",".349","258","418",".617","263","812","358","160","85","295","451"
"161","Loyola (MD)","23","13","10",".565","-5.88","-3.06","7","5","8","2","5","7","1532","1581","","925","524","1243",".422","121","375",".323","363","526",".690","264","775","270","170","81","341","445"
"162","Maine","26","6","20",".231","-14.43","-3.47","2","9","4","8","2","10","1715","1938","","1040","623","1529",".407","172","557",".309","297","448",".663","280","914","310","138","48","331","466"
"163","Manhattan","25","9","16",".360","-9.08","-2.36","4","10","6","5","3","10","1784","1952","","1025","595","1433",".415","161","500",".322","433","596",".727","299","919","277","169","81","433","634"
"164","Marist","24","6","18",".250","-12.79","-2.66","3","10","3","5","2","12","1659","1902","","970","562","1315",".427","184","560",".329","351","499",".703","180","750","277","114","62","317","477"
"165","Marquette","24","15","9",".625","15.34","7.09","6","6","11","2","3","4","1989","1791","","965","696","1427",".488","247","582",".424","350","449",".780","223","806","402","183","83","293","455"
"166","Marshall","24","13","11",".542","0.13","-1.09","6","5","11","1","2","10","2083","2039","","975","710","1542",".460","248","662",".375","415","572",".726","219","876","396","151","94","299","452"
"167","Maryland-Baltimore County","23","16","7",".696","-2.58","-5.96","7","3","8","2","8","5","1895","1754","","940","663","1396",".475","226","562",".402","343","472",".727","219","827","350","154","61","268","409"
"168","Maryland-Eastern Shore","24","8","16",".333","-11.94","-4.40","5","4","4","3","4","12","1705","1833","","960","610","1419",".430","183","525",".349","304","442",".688","240","790","318","151","59","318","489"
"169","Maryland","24","20","4",".833","13.67","6.72","8","3","11","3","6","0","1803","1595","","965","599","1341",".447","197","543",".363","408","579",".705","268","888","329","136","118","326","447"
"170","Massachusetts-Lowell","26","10","16",".385","-9.75","-5.63","4","7","7","4","2","12","2010","2089","","1050","725","1520",".477","207","550",".376","353","468",".754","238","882","412","132","52","411","526"
"171","Massachusetts","24","12","12",".500","3.39","1.43","2","9","10","4","2","7","1743","1696","","960","622","1422",".437","175","590",".297","324","498",".651","239","870","392","195","127","364","547"
"172","McNeese State","22","7","15",".318","-14.65","-2.97","4","7","4","5","3","10","1530","1737","","885","532","1299",".410","146","441",".331","320","479",".668","217","745","237","123","68","296","430"
"173","Memphis","25","18","7",".720","8.80","1.48","8","4","12","2","4","4","1890","1707","","1010","679","1516",".448","146","479",".305","386","575",".671","301","944","416","188","129","288","418"
"174","Mercer","25","11","14",".440","-1.53","0.04","5","7","7","6","3","6","1744","1689","","1015","614","1392",".441","197","561",".351","317","416",".762","296","929","343","95","46","303","439"
"175","Miami (FL)","22","15","7",".682","15.31","6.72","5","5","10","2","3","3","1597","1408","","880","574","1243",".462","147","395",".372","302","426",".709","272","837","264","146","93","295","349"
"176","Miami (OH)","24","9","15",".375","-8.50","-2.91","2","9","9","5","0","9","1727","1803","","970","592","1362",".435","161","499",".323","382","557",".686","234","842","275","173","99","361","500"
"177","Michigan State","24","14","10",".583","12.13","9.34","6","5","10","2","2","3","1715","1648","","965","620","1297",".478","188","485",".388","287","448",".641","212","855","413","113","121","347","487"
"178","Michigan","24","15","9",".625","16.11","7.15","5","6","12","3","0","6","1789","1574","","965","621","1308",".475","226","587",".385","321","405",".793","192","703","323","135","65","228","363"
"179","Middle Tennessee","24","20","4",".833","8.57","-0.26","10","1","9","2","8","2","1762","1521","","965","671","1379",".487","154","420",".367","266","403",".660","244","844","372","170","72","264","433"
"180","Milwaukee","25","8","17",".320","-7.66","-1.87","4","8","5","5","2","10","1698","1807","","1030","630","1423",".443","201","559",".360","237","368",".644","211","808","351","118","32","296","462"
"181","Minnesota","23","16","7",".696","14.49","7.67","4","6","12","3","3","4","1706","1549","","935","586","1362",".430","151","423",".357","383","548",".699","250","901","351","136","148","273","385"
"182","Mississippi State","23","14","9",".609","7.04","3.74","5","6","9","4","2","3","1714","1638","","920","590","1308",".451","185","505",".366","349","508",".687","218","812","282","168","96","292","441"
"183","Mississippi Valley State","24","4","20",".167","-20.10","-4.22","4","7","2","2","2","17","1654","2035","","970","609","1453",".419","140","389",".360","296","483",".613","273","819","284","162","54","343","474"
"184","Mississippi","23","14","9",".609","10.15","8.10","5","5","9","5","3","3","1778","1731","","925","576","1350",".427","176","508",".346","450","604",".745","281","897","299","151","111","333","459"
"185","Missouri-Kansas City","25","12","13",".480","-6.27","0.83","4","4","8","5","3","7","1900","1993","","1000","644","1484",".434","223","607",".367","389","546",".712","246","853","314","164","64","370","562"
"186","Missouri State","25","15","10",".600","3.60","-0.94","6","6","11","3","3","6","1879","1697","","1025","658","1463",".450","212","581",".365","351","503",".698","289","920","328","143","95","293","455"
"187","Missouri","22","6","16",".273","1.58","4.49","1","9","5","8","0","5","1524","1588","","885","519","1314",".395","135","476",".284","351","524",".670","256","842","265","139","45","281","440"
"188","Monmouth","25","20","5",".800","4.68","-2.20","12","2","11","1","8","4","2014","1842","","1015","674","1582",".426","212","595",".356","454","602",".754","294","980","317","185","116","302","522"
"189","Montana State","24","11","13",".458","-4.66","-3.79","6","5","9","5","2","8","1932","1914","","980","648","1492",".434","242","639",".379","394","537",".734","261","885","318","124","54","293","561"
"190","Montana","24","11","13",".458","-1.68","-1.68","6","5","7","4","3","7","1776","1776","","970","626","1408",".445","184","512",".359","340","457",".744","226","806","320","139","69","267","523"
"191","Morehead State","23","11","12",".478","-1.93","-1.12","7","3","8","3","3","9","1874","1783","","930","701","1483",".473","169","439",".385","303","411",".737","313","876","383","175","74","317","494"
"192","Morgan State","22","10","12",".455","-14.48","-8.57","7","2","6","4","4","8","1486","1595","","890","514","1323",".389","122","408",".299","336","477",".704","288","833","251","113","76","304","430"
"193","Mount St. Mary's","25","12","13",".480","-5.00","-2.36","10","2","7","3","5","10","1667","1733","","1005","596","1371",".435","182","511",".356","293","427",".686","183","747","280","155","113","336","457"
"194","Murray State","24","12","12",".500","-2.55","-3.64","6","4","8","3","3","8","1916","1838","","975","653","1473",".443","211","593",".356","399","543",".735","273","890","336","150","54","298","485"
"195","Navy","24","13","11",".542","-1.87","-3.65","8","4","8","3","5","6","1591","1523","","965","564","1275",".442","170","512",".332","293","459",".638","291","841","336","174","45","358","436"
"196","Nebraska-Omaha","24","13","11",".542","-3.21","-0.65","6","5","6","3","7","8","1992","2004","","965","662","1471",".450","216","555",".389","452","603",".750","240","858","332","191","87","339","461"
"197","Nebraska","23","10","13",".435","7.83","10.20","4","7","7","5","2","6","1633","1653","","930","595","1411",".422","135","422",".320","308","430",".716","305","882","262","161","98","295","419"
"198","Nevada-Las Vegas","24","10","14",".417","-1.39","2.20","3","8","8","8","2","5","1694","1780","","970","572","1448",".395","164","505",".325","386","553",".698","293","941","317","151","71","304","405"
"199","Nevada","23","18","5",".783","8.15","1.24","7","3","9","1","5","3","1813","1654","","925","603","1349",".447","207","546",".379","400","583",".686","243","874","371","119","111","264","381"
"200","New Hampshire","24","14","10",".583","-3.66","-3.28","5","5","7","4","7","6","1707","1582","","970","587","1316",".446","204","557",".366","329","452",".728","228","906","309","92","48","319","387"
"201","New Mexico State","24","22","2",".917","5.76","-4.58","8","0","15","0","7","2","1894","1572","","965","655","1385",".473","181","519",".349","403","564",".715","313","954","360","113","98","340","434"
"202","New Mexico","24","14","10",".583","3.90","1.77","7","5","9","3","4","5","1819","1768","","965","620","1318",".470","111","333",".333","468","618",".757","219","819","340","152","77","320","472"
"203","New Orleans","22","13","9",".591","-5.19","-3.30","8","3","9","2","4","7","1613","1569","","895","582","1221",".477","94","286",".329","355","493",".720","258","783","363","177","72","383","384"
"204","Niagara","25","8","17",".320","-8.54","-5.22","5","9","5","5","2","11","1875","1958","","1015","640","1514",".423","193","496",".389","402","534",".753","282","947","331","112","132","329","469"
"205","Nicholls State","24","11","13",".458","-14.60","-3.25","4","7","8","1","3","12","1766","1889","","970","591","1390",".425","202","601",".336","382","526",".726","234","770","317","194","142","357","472"
"206","NJIT","25","9","16",".360","-8.16","-3.24","1","8","6","3","2","12","1824","1833","","1005","627","1503",".417","208","636",".327","362","507",".714","282","929","320","169","64","361","483"
"207","Norfolk State","24","11","13",".458","-12.02","-5.75","8","2","7","2","4","9","1660","1742","","965","588","1365",".431","161","473",".340","323","476",".679","221","874","263","117","127","358","497"
"208","North Carolina-Asheville","25","18","7",".720","1.51","-3.89","10","2","10","1","8","6","1901","1694","","1015","682","1448",".471","198","490",".404","339","504",".673","217","821","388","233","46","292","418"
"209","North Carolina A&T","24","2","22",".083","-22.17","-7.54","0","9","1","6","0","16","1472","1769","","965","522","1258",".415","144","440",".327","284","424",".670","259","808","243","122","50","364","457"
"210","North Carolina Central","23","17","6",".739","-2.11","-9.76","8","1","8","1","9","5","1715","1456","","920","615","1333",".461","180","508",".354","305","450",".678","245","864","319","141","74","288","431"
"211","North Carolina-Greensboro","25","17","8",".680","-1.10","-1.97","8","4","10","4","5","4","1883","1741","","1000","675","1452",".465","218","566",".385","315","440",".716","296","892","378","191","87","361","469"
"212","North Carolina State","24","14","10",".583","8.44","6.19","3","8","11","4","1","5","1948","1894","","970","691","1436",".481","181","475",".381","385","552",".697","247","896","376","129","110","325","439"
"213","North Carolina-Wilmington","25","21","4",".840","8.56","-1.18","10","2","10","1","9","2","2152","1869","","1005","784","1612",".486","243","680",".357","341","504",".677","302","905","411","177","82","268","502"
"214","North Carolina","25","21","4",".840","24.60","9.51","9","2","13","0","4","3","2194","1789","","1005","787","1664",".473","189","504",".375","431","612",".704","409","1117","462","187","86","316","447"
"215","North Dakota State","23","15","8",".652","-0.59","-2.02","7","3","8","2","6","5","1689","1598","","925","591","1282",".461","177","474",".373","330","481",".686","197","786","285","149","88","270","386"
"216","North Dakota","21","13","8",".619","-4.51","-5.95","8","3","8","1","4","6","1683","1541","","850","607","1258",".483","147","388",".379","322","460",".700","195","756","322","156","67","283","443"
"217","North Florida","26","10","16",".385","-8.51","-0.15","5","4","7","4","2","11","2012","2049","","1040","707","1572",".450","219","656",".334","379","573",".661","340","1027","328","149","113","410","499"
"218","North Texas","22","6","16",".273","-9.74","-1.94","0","10","6","8","0","8","1493","1613","","880","519","1253",".414","130","418",".311","325","498",".653","225","789","237","138","72","300","446"
"219","Northeastern","24","13","11",".542","0.51","-2.16","6","6","7","1","5","9","1737","1673","","965","599","1270",".472","210","547",".384","329","496",".663","193","792","335","144","84","319","400"
"220","Northern Arizona","24","6","18",".250","-14.65","-5.43","3","8","3","5","1","10","1658","1842","","965","573","1452",".395","189","583",".324","323","467",".692","289","920","322","103","47","347","431"
"221","Northern Colorado","22","8","14",".364","-8.49","-3.39","4","7","4","3","3","10","1567","1624","","885","543","1251",".434","199","553",".360","282","467",".604","232","827","285","109","53","323","435"
"222","Northern Illinois","24","14","10",".583","-1.68","-1.92","6","5","9","5","5","4","1727","1637","","980","616","1414",".436","119","385",".309","376","552",".681","304","924","264","181","68","337","460"
"223","Northern Iowa","23","11","12",".478","2.66","5.47","6","6","7","3","2","7","1477","1502","","935","493","1210",".407","184","547",".336","307","412",".745","141","688","232","164","71","274","358"
"224","Northern Kentucky","24","15","9",".625","-0.55","-2.87","6","5","7","2","7","6","1832","1717","","960","638","1403",".455","206","585",".352","350","525",".667","289","934","338","138","74","349","451"
"225","Northwestern State","21","9","12",".429","-12.01","-4.78","3","7","5","3","3","9","1597","1668","","850","543","1239",".438","138","389",".355","373","555",".672","262","787","288","149","55","331","420"
"226","Northwestern","24","18","6",".750","14.98","5.77","7","4","12","1","4","3","1771","1550","","960","619","1433",".432","187","531",".352","346","451",".767","279","919","394","128","141","260","480"
"227","Notre Dame","25","18","7",".720","18.56","8.72","7","5","12","2","3","3","1976","1730","","1005","697","1499",".465","239","597",".400","343","425",".807","240","860","417","176","106","245","385"
"228","Oakland","25","18","7",".720","3.30","-3.05","8","4","10","4","7","2","1932","1737","","1005","670","1509",".444","170","541",".314","422","558",".756","267","981","414","204","128","356","446"
"229","Ohio State","24","14","10",".583","11.37","6.74","4","7","11","4","3","5","1756","1645","","965","632","1366",".463","151","451",".335","341","502",".679","256","914","338","130","97","315","414"
"230","Ohio","22","14","8",".636","4.39","-2.33","6","5","10","2","4","5","1707","1539","","880","592","1309",".452","218","552",".395","305","454",".672","198","805","313","123","61","268","395"
"231","Oklahoma State","23","15","8",".652","18.97","10.11","4","6","8","3","5","4","2006","1795","","920","663","1427",".465","205","508",".404","475","618",".769","333","866","332","190","75","326","549"
"232","Oklahoma","22","8","14",".364","10.41","10.86","2","8","5","6","1","5","1652","1662","","905","580","1347",".431","147","406",".362","345","481",".717","253","828","252","156","103","313","439"
"233","Old Dominion","23","14","9",".609","1.75","-0.56","7","4","8","4","5","3","1459","1406","","930","521","1298",".401","116","373",".311","301","480",".627","326","906","301","140","118","277","429"
"234","Oral Roberts","25","7","18",".280","-4.57","2.78","3","8","7","4","0","11","1890","2016","","1005","679","1517",".448","182","489",".372","350","464",".754","235","861","366","135","64","308","436"
"235","Oregon State","24","4","20",".167","-5.36","3.55","0","11","4","9","0","9","1542","1722","","965","549","1253",".438","143","423",".338","301","455",".662","223","806","294","136","92","378","477"
"236","Oregon","24","21","3",".875","20.84","6.45","10","1","15","0","3","2","1893","1523","","965","669","1390",".481","204","544",".375","351","492",".713","261","899","415","154","176","303","386"
"237","Pacific","25","8","17",".320","-5.02","1.65","2","10","7","6","1","10","1688","1800","","1005","599","1477",".406","135","419",".322","355","529",".671","307","961","300","104","48","292","521"
"238","Penn State","25","13","12",".520","8.83","8.27","5","7","8","5","2","4","1801","1787","","1015","621","1496",".415","180","512",".352","379","513",".739","253","892","354","170","137","339","461"
"239","Pennsylvania","19","7","12",".368","-1.65","0.25","0","6","3","4","4","7","1260","1296","","760","462","1071",".431","150","460",".326","186","294",".633","182","643","257","122","62","246","361"
"240","Pepperdine","24","7","17",".292","-9.11","2.19","3","9","6","5","0","10","1662","1916","","960","636","1416",".449","138","375",".368","252","400",".630","232","819","324","119","69","314","414"
"241","Pittsburgh","23","12","11",".522","9.62","10.53","1","9","9","4","1","5","1754","1775","","940","595","1312",".454","187","509",".367","377","523",".721","224","820","342","83","79","276","391"
"242","Portland State","21","11","10",".524","-6.11","-5.78","4","6","7","2","4","8","1820","1704","","870","668","1377",".485","177","500",".354","307","489",".628","228","748","346","213","53","240","390"
"243","Portland","24","9","15",".375","-5.15","2.28","2","10","4","7","2","6","1624","1749","","975","563","1339",".420","163","442",".369","335","464",".722","207","813","246","114","77","299","429"
"244","Prairie View","24","8","16",".333","-14.18","-4.14","5","5","6","2","2","14","1630","1806","","970","572","1349",".424","159","471",".338","327","469",".697","204","763","295","199","93","337","523"
"245","Presbyterian","23","5","18",".217","-22.03","-5.60","1","11","5","4","0","14","1442","1701","","925","523","1248",".419","133","400",".333","263","373",".705","235","763","286","114","57","343","392"
"246","Princeton","19","13","6",".684","4.86","-1.03","6","0","6","1","5","4","1384","1216","","760","496","1105",".449","193","510",".378","199","281",".708","162","654","270","123","59","197","322"
"247","Providence","24","14","10",".583","10.54","6.95","4","7","11","3","2","6","1674","1588","","960","584","1304",".448","178","476",".374","328","468",".701","208","782","339","160","71","300","391"
"248","Purdue","24","19","5",".792","22.33","6.87","8","3","12","2","3","3","1972","1601","","965","685","1410",".486","232","548",".423","370","485",".763","245","940","460","117","62","321","381"
"249","Quinnipiac","24","10","14",".417","-6.13","-2.09","7","7","6","5","3","7","1840","1937","","965","660","1547",".427","170","518",".328","350","516",".678","330","954","339","135","90","335","471"
"250","Radford","24","9","15",".375","-10.54","-1.49","4","8","5","5","3","9","1581","1734","","975","559","1359",".411","186","536",".347","277","412",".672","302","912","302","127","74","373","420"
"251","Rhode Island","23","16","7",".696","12.37","3.54","8","3","11","1","3","5","1722","1519","","920","617","1351",".457","149","427",".349","339","524",".647","280","861","317","161","141","255","492"
"252","Rice","23","15","8",".652","2.53","-3.52","5","5","9","4","6","4","1885","1709","","925","630","1322",".477","217","542",".400","408","568",".718","237","875","326","148","80","361","443"
"253","Richmond","23","14","9",".609","5.37","2.71","8","3","9","4","4","4","1715","1654","","925","610","1316",".464","171","525",".326","324","458",".707","169","760","380","151","54","285","456"
"254","Rider","25","13","12",".520","-6.18","-5.14","6","8","5","4","7","8","1808","1834","","1005","662","1550",".427","122","412",".296","362","550",".658","331","1014","327","161","96","354","492"
"255","Robert Morris","25","9","16",".360","-8.26","-3.74","5","7","3","6","4","10","1567","1680","","1005","542","1385",".391","132","424",".311","351","537",".654","280","873","268","190","65","387","501"
"256","Rutgers","24","13","11",".542","3.47","3.87","2","9","9","3","3","7","1604","1584","","965","593","1432",".414","101","344",".294","317","507",".625","364","1012","277","162","130","344","424"
"257","Sacramento State","21","7","14",".333","-12.28","-3.60","4","6","5","4","2","8","1486","1602","","860","540","1196",".452","120","367",".327","286","445",".643","187","741","277","96","99","251","390"
"258","Sacred Heart","25","10","15",".400","-11.60","-6.40","5","7","3","8","6","6","1787","1917","","1025","645","1485",".434","149","471",".316","348","494",".704","289","942","360","156","66","404","474"
"259","Saint Francis (PA)","23","11","12",".478","-7.79","-6.79","8","4","5","4","6","8","1754","1716","","930","635","1384",".459","186","485",".384","298","429",".695","254","856","309","156","88","335","373"
"260","Saint Joseph's","23","10","13",".435","2.17","4.08","3","8","6","5","3","5","1618","1662","","930","569","1359",".419","138","421",".328","342","527",".649","265","856","265","111","78","274","387"
"261","Saint Louis","23","8","15",".348","-7.30","1.53","3","7","7","7","1","6","1420","1623","","930","483","1223",".395","160","476",".336","294","442",".665","197","778","294","117","60","316","457"
"262","Saint Mary's (CA)","23","21","2",".913","16.32","0.19","11","1","12","1","8","1","1672","1301","","920","610","1217",".501","203","511",".397","249","327",".761","230","820","393","93","70","248","333"
"263","Saint Peter's","24","12","12",".500","-1.10","-2.85","8","6","6","5","4","7","1575","1533","","970","530","1281",".414","186","506",".368","329","462",".712","214","800","267","173","69","276","401"
"264","Sam Houston State","24","17","7",".708","-5.03","-4.63","8","3","12","1","5","5","1829","1699","","960","658","1456",".452","149","464",".321","364","531",".685","283","908","383","183","75","340","544"
"265","Samford","24","15","9",".625","-0.76","-3.86","6","5","7","5","8","4","1876","1769","","985","624","1352",".462","183","463",".395","445","597",".745","227","863","393","161","50","325","448"
"266","San Diego State","23","13","10",".565","6.92","1.38","5","6","7","3","2","6","1615","1470","","920","556","1309",".425","175","538",".325","328","457",".718","238","829","260","161","113","278","392"
"267","San Diego","24","11","13",".458","-4.28","1.06","4","8","6","8","5","5","1599","1706","","975","524","1260",".416","194","547",".355","357","483",".739","190","803","283","86","38","303","465"
"268","San Francisco","25","17","8",".680","6.09","-0.12","7","5","11","3","3","4","1851","1670","","1000","689","1453",".474","233","627",".372","240","388",".619","225","879","338","164","71","310","465"
"269","San Jose State","22","12","10",".545","-1.05","1.50","5","6","7","5","4","5","1631","1604","","880","575","1299",".443","147","434",".339","334","476",".702","215","752","310","141","90","281","434"
"270","Santa Clara","25","13","12",".520","1.02","2.15","7","5","9","5","4","5","1649","1651","","1010","585","1366",".428","235","637",".369","244","335",".728","163","748","359","132","49","268","484"
"271","Savannah State","24","10","14",".417","-16.42","-6.29","7","4","6","3","4","9","2048","2246","","965","680","1672",".407","330","992",".333","358","554",".646","284","953","424","190","76","360","473"
"272","Seattle","22","11","11",".500","-7.60","-4.18","3","4","9","5","1","6","1577","1573","","905","538","1237",".435","190","564",".337","311","439",".708","181","778","359","149","51","319","404"
"273","Seton Hall","22","14","8",".636","12.02","7.52","4","6","8","1","2","5","1627","1528","","890","592","1322",".448","137","410",".334","306","500",".612","303","905","275","157","55","307","438"
"274","Siena","25","11","14",".440","-2.91","-1.51","8","6","7","3","3","11","1807","1842","","1000","644","1462",".440","115","384",".299","404","573",".705","312","939","323","152","100","340","494"
"275","South Alabama","23","11","12",".478","-4.58","-2.49","4","6","8","5","3","7","1659","1629","","935","580","1357",".427","167","525",".318","330","504",".655","249","814","306","170","74","309","481"
"276","South Carolina State","23","7","16",".304","-18.09","-2.75","4","6","4","4","3","11","1546","1846","","920","576","1353",".426","125","396",".316","269","402",".669","226","709","259","105","54","283","425"
"277","South Carolina Upstate","26","15","11",".577","-6.48","-4.57","5","4","8","4","5","7","2038","1965","","1050","732","1610",".455","242","674",".359","332","507",".655","323","1034","414","138","91","334","426"
"278","South Carolina","24","19","5",".792","17.27","7.49","9","2","13","1","5","2","1757","1504","","985","601","1444",".416","174","489",".356","381","550",".693","310","902","316","200","103","323","510"
"279","South Dakota State","26","12","14",".462","-4.27","-1.10","5","6","9","3","2","10","1981","2017","","1055","644","1429",".451","242","677",".357","451","583",".774","237","906","352","140","56","343","417"
"280","South Dakota","26","16","10",".615","-0.60","-1.19","7","4","11","1","4","6","1961","1874","","1040","677","1563",".433","165","506",".326","442","644",".686","277","972","310","178","94","313","504"
"281","South Florida","22","6","16",".273","-6.44","1.47","0","11","5","8","1","8","1455","1629","","885","535","1228",".436","129","356",".362","256","399",".642","233","776","279","132","82","360","431"
"282","Southeast Missouri State","26","11","15",".423","-6.10","-3.56","6","5","8","3","3","10","1929","1944","","1040","675","1476",".457","203","551",".368","376","514",".732","219","790","347","194","53","327","515"
"283","Southeastern Louisiana","24","13","11",".542","-6.28","-7.78","6","5","10","1","3","10","1730","1634","","960","603","1336",".451","168","443",".379","356","513",".694","285","870","346","158","79","380","454"
"284","Southern California","24","20","4",".833","11.33","4.21","7","4","11","2","6","2","1893","1722","","965","656","1459",".450","192","520",".369","389","538",".723","274","907","363","173","137","268","385"
"285","SIU Edwardsville","25","5","20",".200","-12.86","-2.43","0","11","2","8","2","11","1669","1896","","1010","551","1377",".400","114","386",".295","453","672",".674","283","892","238","114","71","379","537"
"286","Southern Illinois","25","14","11",".560","1.11","1.70","7","5","10","4","4","7","1784","1777","","1020","629","1419",".443","141","437",".323","385","545",".706","272","848","297","173","93","307","474"
"287","Southern Methodist","24","20","4",".833","17.76","2.85","10","1","14","0","5","3","1765","1407","","960","629","1350",".466","195","488",".400","312","450",".693","308","945","400","150","81","270","352"
"288","Southern Mississippi","23","7","16",".304","-13.67","-1.96","4","7","7","5","0","8","1413","1638","","930","496","1256",".395","133","461",".289","288","420",".686","194","793","267","103","52","328","391"
"289","Southern Utah","24","4","20",".167","-16.41","-4.87","2","9","2","6","2","12","1851","2044","","960","584","1463",".399","204","589",".346","479","654",".732","295","905","274","126","78","336","588"
"290","Southern","24","11","13",".458","-12.41","-9.12","7","4","8","3","3","10","1734","1760","","965","615","1389",".443","121","360",".336","383","564",".679","290","922","284","129","89","333","474"
"291","St. Bonaventure","22","14","8",".636","6.31","1.31","6","4","7","4","4","2","1742","1632","","890","582","1292",".450","154","419",".368","424","550",".771","266","805","284","149","106","284","459"
"292","St. Francis (NY)","25","4","21",".160","-16.96","-5.46","2","10","3","8","0","12","1572","1830","","1010","535","1543",".347","189","658",".287","313","476",".658","333","886","241","174","64","295","542"
"293","St. John's (NY)","25","11","14",".440","8.03","6.71","5","7","7","4","4","6","1929","1896","","1000","661","1510",".438","231","607",".381","376","519",".724","262","887","356","160","154","344","507"
"294","Stanford","23","12","11",".522","7.07","8.53","4","7","8","4","1","6","1582","1590","","920","554","1278",".433","108","337",".320","366","533",".687","218","792","300","152","57","299","454"
"295","Stephen F. Austin","23","12","11",".522","-6.63","-4.68","7","4","9","1","2","8","1592","1575","","925","539","1221",".441","149","445",".335","365","501",".729","262","792","282","171","75","428","506"
"296","Stetson","26","10","16",".385","-14.54","-5.75","2","7","7","5","3","10","2035","2166","","1045","734","1669",".440","219","646",".339","348","528",".659","231","943","371","121","66","305","499"
"297","Stony Brook","24","14","10",".583","-3.51","-3.68","9","2","7","5","6","5","1708","1704","","960","583","1413",".413","192","573",".335","348","480",".725","270","822","310","129","78","243","476"
"298","Syracuse","25","16","9",".640","14.85","7.73","8","4","14","2","1","5","1919","1741","","1005","666","1437",".463","225","571",".394","362","508",".713","276","891","411","209","129","305","396"
"299","Temple","24","13","11",".542","6.32","6.24","4","7","8","4","2","7","1722","1720","","965","608","1424",".427","214","598",".358","292","402",".726","239","820","348","151","99","280","445"
"300","Tennessee-Martin","26","17","9",".654","-2.55","-3.26","7","4","11","2","6","7","2049","1957","","1055","743","1557",".477","219","612",".358","344","503",".684","319","986","430","172","92","395","461"
"301","Tennessee State","24","14","10",".583","-1.32","-2.50","5","6","5","5","7","5","1735","1646","","975","603","1356",".445","139","397",".350","390","576",".677","301","897","267","161","81","358","509"
"302","Tennessee Tech","26","10","16",".385","-7.99","-4.07","6","5","6","7","4","9","1873","1887","","1045","640","1516",".422","194","604",".321","399","572",".698","300","927","366","179","96","359","553"
"303","Tennessee","23","13","10",".565","13.61","10.15","5","5","8","4","4","4","1776","1686","","925","610","1381",".442","142","414",".343","414","578",".716","289","881","332","138","103","302","505"
"304","Texas A&M-Corpus Christi","21","12","9",".571","-6.61","-4.88","5","5","9","1","3","8","1575","1558","","850","562","1201",".468","104","330",".315","347","483",".718","224","720","270","198","90","303","417"
"305","Texas A&M","22","12","10",".545","10.37","6.37","4","6","8","4","2","4","1593","1505","","880","585","1260",".464","141","417",".338","282","436",".647","296","845","365","134","123","309","360"
"306","Texas-Arlington","23","17","6",".739","5.25","-0.90","7","3","9","0","8","6","1794","1594","","920","638","1370",".466","189","574",".329","329","493",".667","272","886","346","167","52","305","454"
"307","Texas Christian","24","17","7",".708","15.75","8.67","6","5","12","3","3","4","1821","1640","","965","651","1397",".466","172","503",".342","347","506",".686","290","882","407","173","118","328","415"
"308","Texas-El Paso","22","8","14",".364","-5.69","-2.30","6","4","6","6","1","6","1493","1530","","895","555","1214",".457","116","360",".322","267","414",".645","168","755","313","121","71","312","440"
"309","Texas-Rio Grande Valley","25","10","15",".400","-10.52","-5.11","2","6","7","4","1","11","1990","2044","","1020","693","1593",".435","228","630",".362","376","525",".716","298","933","401","201","70","408","604"
"310","Texas-San Antonio","23","10","13",".435","-8.93","-3.50","5","5","9","1","1","12","1505","1596","","920","536","1380",".388","117","432",".271","316","479",".660","300","921","245","122","40","307","453"
"311","Texas Southern","23","13","10",".565","-5.66","-3.75","9","1","5","0","8","10","1682","1726","","925","560","1354",".414","133","480",".277","429","590",".727","294","819","252","140","67","263","398"
"312","Texas State","22","13","9",".591","-4.77","-5.37","6","4","7","3","4","6","1487","1394","","890","541","1232",".439","133","420",".317","272","420",".648","226","762","311","159","91","258","404"
"313","Texas Tech","24","16","8",".667","14.37","4.58","4","7","14","1","1","5","1799","1564","","965","644","1332",".483","167","436",".383","344","467",".737","222","789","338","131","82","263","411"
"314","Texas","24","10","14",".417","10.84","10.47","4","7","9","4","0","7","1653","1644","","960","595","1350",".441","139","459",".303","324","491",".660","234","845","276","134","108","333","434"
"315","Toledo","24","12","12",".500","0.28","-0.76","5","6","8","2","2","8","1955","1891","","1000","677","1398",".484","193","519",".372","408","584",".699","247","889","385","97","63","328","427"
"316","Towson","25","15","10",".600","1.09","-1.08","7","5","9","3","5","6","1851","1737","","1015","642","1450",".443","112","361",".310","455","669",".680","337","996","271","171","94","326","519"
"317","Troy","24","12","12",".500","-1.85","-3.71","4","6","6","4","3","8","1917","1755","","960","662","1441",".459","220","590",".373","373","518",".720","282","920","338","141","94","323","460"
"318","Tulane","23","4","19",".174","-5.16","4.19","1","10","2","8","2","7","1588","1803","","925","554","1393",".398","154","499",".309","326","457",".713","263","783","295","140","86","306","486"
"319","Tulsa","23","12","11",".522","3.98","4.77","6","5","8","4","3","4","1559","1577","","925","516","1212",".426","157","481",".326","370","510",".725","223","821","262","106","62","356","423"
"320","UCLA","24","21","3",".875","21.05","4.64","8","3","11","1","6","2","2230","1836","","960","827","1547",".535","252","594",".424","324","441",".735","220","931","528","154","131","288","398"
"321","Utah State","24","11","13",".458","1.93","2.88","4","8","9","4","2","5","1740","1685","","965","619","1336",".463","175","483",".362","327","476",".687","217","881","356","119","77","316","466"
"322","Utah Valley","22","10","12",".455","-4.04","-1.56","2","5","7","3","3","9","1705","1654","","885","580","1344",".432","187","607",".308","358","512",".699","190","850","344","133","88","310","435"
"323","Utah","23","15","8",".652","13.19","3.67","6","5","10","3","4","4","1854","1567","","930","690","1353",".510","156","435",".359","318","468",".679","235","907","344","132","85","316","394"
"324","Valparaiso","24","19","5",".792","5.77","-0.83","9","2","12","2","5","3","1824","1658","","970","611","1389",".440","151","472",".320","451","563",".801","264","949","311","154","70","334","455"
"325","Vanderbilt","24","12","12",".500","11.65","9.35","5","6","7","5","3","4","1744","1689","","960","577","1302",".443","244","624",".391","346","447",".774","209","835","335","94","79","306","393"
"326","Vermont","26","21","5",".808","5.43","-2.89","11","0","10","1","9","3","1911","1644","","1040","697","1415",".493","166","452",".367","351","500",".702","244","886","352","150","108","309","433"
"327","Villanova","25","23","2",".920","23.53","8.97","10","2","12","0","5","2","1938","1574","","1000","672","1363",".493","225","605",".372","369","460",".802","223","857","365","174","78","287","366"
"328","Virginia Commonwealth","23","18","5",".783","12.43","2.78","8","2","11","1","5","2","1748","1526","","935","636","1334",".477","141","407",".346","335","470",".713","244","825","372","193","96","311","473"
"329","VMI","21","5","16",".238","-12.29","-0.55","2","8","4","5","1","11","1465","1638","","840","522","1233",".423","184","562",".327","237","342",".693","203","684","262","128","92","286","416"
"330","Virginia Tech","22","16","6",".727","12.50","6.13","5","5","12","1","2","4","1753","1613","","880","608","1249",".487","184","480",".383","353","499",".707","174","745","337","96","65","268","369"
"331","Virginia","23","18","5",".783","24.37","9.42","8","3","10","2","6","3","1586","1242","","925","602","1215",".495","156","392",".398","226","315",".717","194","761","349","135","98","231","368"
"332","Wagner","22","11","11",".500","-7.09","-7.09","7","5","5","5","6","6","1486","1434","","885","522","1217",".429","127","392",".324","315","471",".669","304","862","245","112","79","316","454"
"333","Wake Forest","24","14","10",".583","14.38","9.46","5","7","8","3","4","5","1958","1840","","960","666","1430",".466","198","514",".385","428","551",".777","262","885","387","131","94","293","479"
"334","Washington State","23","11","12",".478","-0.23","5.59","4","7","7","6","2","3","1641","1764","","925","591","1288",".459","147","415",".354","312","407",".767","141","745","325","97","67","276","371"
"335","Washington","23","9","14",".391","3.74","5.26","2","9","7","7","1","6","1824","1859","","925","668","1481",".451","179","478",".374","309","474",".652","301","880","313","144","141","299","473"
"336","Weber State","21","14","7",".667","0.17","-4.25","9","1","8","1","5","4","1695","1492","","845","573","1160",".494","207","480",".431","340","469",".725","142","685","301","115","69","242","374"
"337","West Virginia","23","18","5",".783","26.56","5.95","6","4","12","2","4","2","2003","1529","","930","710","1485",".478","183","499",".367","400","601",".666","345","850","409","260","108","269","460"
"338","Western Carolina","25","7","18",".280","-15.40","1.34","2","10","5","5","2","12","1490","1819","","1000","537","1417",".379","146","483",".302","270","411",".657","306","886","281","147","54","403","530"
"339","Western Illinois","22","7","15",".318","-11.76","-2.36","4","7","5","5","2","10","1544","1647","","885","544","1251",".435","193","510",".378","263","368",".715","153","754","286","108","99","298","418"
"340","Western Kentucky","24","12","12",".500","-5.96","-3.13","6","5","8","1","4","10","1667","1735","","960","579","1317",".440","164","456",".360","345","512",".674","225","843","306","112","77","300","351"
"341","Western Michigan","23","8","15",".348","-3.19","0.77","4","7","7","2","0","9","1737","1808","","920","632","1404",".450","148","405",".365","325","467",".696","277","804","302","137","57","295","437"
"342","Wichita State","25","21","4",".840","20.62","1.95","11","1","13","1","6","1","2043","1565","","1000","704","1489",".473","215","554",".388","420","581",".723","295","1020","429","181","90","290","479"
"343","William & Mary","23","13","10",".565","1.34","0.25","7","5","11","0","2","10","1877","1748","","925","663","1352",".490","217","552",".393","334","482",".693","210","848","404","127","121","299","410"
"344","Winthrop","23","18","5",".783","0.55","-5.07","10","2","8","3","10","2","1779","1599","","935","608","1346",".452","201","563",".357","362","502",".721","213","845","283","148","120","303","418"
"345","Wisconsin","23","20","3",".870","21.68","6.85","9","1","13","0","4","2","1716","1375","","930","625","1337",".467","175","498",".351","291","439",".663","291","888","337","163","85","260","352"
"346","Wofford","25","12","13",".480","-0.50","0.00","7","5","9","1","3","8","1956","1864","","1010","683","1428",".478","237","563",".421","353","453",".779","226","814","427","143","50","320","477"
"347","Wright State","24","15","9",".625","-2.17","-2.04","6","5","9","3","6","6","1829","1726","","960","601","1374",".437","205","556",".369","422","557",".758","259","871","335","137","54","357","443"
"348","Wyoming","24","15","9",".625","2.51","1.38","5","6","11","2","3","6","1843","1772","","965","604","1424",".424","211","655",".322","424","579",".732","215","930","349","130","118","330","512"
"349","Xavier","23","17","6",".739","17.02","10.50","7","3","11","1","3","5","1769","1619","","925","600","1322",".454","165","475",".347","404","580",".697","277","890","341","153","69","287","462"
"350","Yale","19","13","6",".684","2.53","-1.91","5","1","7","0","6","6","1444","1308","","765","512","1088",".471","148","390",".379","272","365",".745","189","709","317","102","84","255","316"
"351","Youngstown State","25","10","15",".400","-10.76","-2.89","4","8","6","6","3","8","1935","2071","","1030","719","1634",".440","185","557",".332","312","462",".675","254","912","377","139","79","309","414"
