"Rk","School","Conf","X.","W","L","Pts","Opp","MOV","X..1","SOS","X..2","OSRS","DSRS","SRS","ORtg","DRtg","NRtg"
"1","West Virginia","Big 12","","20","6","85.7","66.5","19.23","","7.22","","17.30","9.15","26.45","120.02","84.16","35.85"
"2","Gonzaga","WCC","","26","0","85.1","61.7","23.38","","2.43","","14.37","11.45","25.81","120.49","83.75","36.73"
"3","Kentucky","SEC","","21","5","89.1","73.1","16.00","","9.38","","19.78","5.61","25.38","121.24","86.90","34.35"
"4","Louisville","ACC","","21","5","77.2","63.2","14.04","","10.89","","10.25","14.68","24.93","116.89","81.28","35.61"
"5","North Carolina","ACC","","21","5","87.4","72.1","15.27","","10.01","","18.03","6.15","24.17","122.43","89.14","33.29"
"6","Virginia","ACC","","18","6","69.3","55.1","14.25","","9.58","","1.95","21.88","23.83","119.00","81.62","37.38"
"7","Villanova","Big East","","25","2","77.3","62.7","14.56","","9.15","","9.13","14.57","23.71","122.49","87.06","35.43"
"8","Florida","SEC","","21","5","80.4","66.4","14.00","","9.60","","12.07","11.53","23.60","117.89","84.68","33.22"
"9","Kansas","Big 12","","23","3","83.5","72.4","11.08","","12.03","","16.34","6.77","23.11","123.04","90.08","32.96"
"10","Duke","ACC","","20","5","81.9","68.0","13.88","","8.80","","12.74","9.94","22.68","121.25","88.96","32.29"
"11","Purdue","Big Ten","","21","5","81.3","66.2","15.19","","7.06","","12.37","9.88","22.25","119.04","87.06","31.99"
"12","Florida State","ACC","","21","5","84.3","71.1","13.19","","8.34","","14.95","6.58","21.53","118.97","88.59","30.38"
"13","Baylor","Big 12","","22","4","74.0","62.2","11.73","","11.05","","5.16","15.93","21.09","117.40","85.67","31.73"
"14","UCLA","Pac-12","","23","3","91.9","76.0","15.96","","4.91","","22.50","-1.63","20.87","124.94","96.69","28.25"
"15","Oregon","Pac-12","","22","4","79.0","64.4","14.54","","7.24","","8.13","12.67","20.80","115.88","86.56","29.32"
"16","Wichita State","MVC","","23","4","81.6","62.6","19.00","","2.13","","10.33","10.38","20.71","115.25","86.02","29.22"
"17","Wisconsin","Big Ten","","21","4","73.8","60.4","13.40","","7.18","","3.89","16.70","20.58","115.81","84.79","31.02"
"18","Creighton","Big East","","21","4","85.0","71.9","13.08","","7.41","","14.69","5.01","19.70","119.25","91.47","27.78"
"19","Oklahoma State","Big 12","","16","9","86.4","77.5","8.84","","10.70","","18.93","0.32","19.24","122.84","96.31","26.53"
"20","Cincinnati","AAC","","22","3","76.0","61.2","14.76","","4.32","","5.01","14.08","19.08","114.45","86.54","27.91"
"21","Iowa State","Big 12","","15","9","80.3","70.3","9.96","","9.07","","9.90","9.13","19.03","114.53","88.61","25.92"
"22","Notre Dame","ACC","","20","7","79.4","69.6","9.85","","9.09","","11.46","7.49","18.94","120.29","92.67","27.62"
"23","Southern Methodist","AAC","","22","4","72.7","58.0","14.73","","3.63","","4.02","14.34","18.36","118.10","88.88","29.22"
"24","Butler","Big East","","19","6","75.6","67.6","7.96","","9.98","","7.51","10.44","17.94","117.79","91.13","26.66"
"25","Arizona","Pac-12","","23","3","74.7","63.5","11.23","","6.43","","6.05","11.62","17.66","115.94","89.91","26.03"
"26","South Carolina","SEC","","20","5","73.4","63.1","10.28","","7.53","","3.77","13.30","17.08","107.37","82.24","25.13"
"27","Xavier","Big East","","18","7","75.9","70.1","5.80","","11.09","","9.13","7.76","16.89","116.38","91.31","25.08"
"28","Michigan","Big Ten","","16","9","74.6","65.5","9.08","","7.59","","5.55","11.13","16.67","121.29","95.69","25.60"
"29","Indiana","Big Ten","","15","11","80.6","71.6","8.96","","6.97","","11.52","4.41","15.93","117.24","94.76","22.48"
"30","Saint Mary's (CA)","WCC","","22","3","71.5","56.6","14.84","","0.99","","0.42","15.41","15.83","119.13","92.57","26.56"
"31","Miami (FL)","ACC","","16","8","72.4","64.5","7.92","","7.76","","2.64","13.04","15.67","111.95","89.11","22.84"
"32","Kansas State","Big 12","","16","9","74.0","66.5","7.44","","8.15","","5.06","10.52","15.59","113.67","90.58","23.10"
"33","Northwestern","Big Ten","","19","6","73.5","64.4","9.12","","6.43","","3.79","11.76","15.55","111.31","88.50","22.81"
"34","Texas Christian","Big 12","","17","8","74.9","68.4","6.52","","9.07","","6.76","8.35","15.12","113.83","91.86","21.98"
"35","Texas Tech","Big 12","","17","9","75.5","66.2","9.23","","5.83","","4.29","10.77","15.06","117.40","94.61","22.79"
"36","Syracuse","ACC","","16","11","76.5","70.3","6.26","","8.54","","8.00","6.80","14.80","116.62","94.67","21.95"
"37","Wake Forest","ACC","","15","11","81.9","76.7","5.23","","9.55","","13.93","0.86","14.78","119.02","97.86","21.15"
"38","Minnesota","Big Ten","","18","7","75.2","68.0","7.12","","7.45","","6.57","7.99","14.57","107.44","86.54","20.90"
"39","Marquette","Big East","","15","10","82.0","74.8","7.20","","7.35","","13.71","0.84","14.55","120.26","98.90","21.37"
"40","Clemson","ACC","","14","11","75.3","71.5","3.84","","10.49","","8.10","6.23","14.33","116.03","94.63","21.41"
"41","Dayton","A-10","","20","5","75.8","64.2","11.56","","3.31","","4.83","9.19","14.02","111.10","90.12","20.98"
"42","Maryland","Big Ten","","21","4","75.6","66.9","8.68","","6.97","","6.30","7.72","14.01","112.28","91.53","20.74"
"43","Georgetown","Big East","","14","12","75.7","71.2","4.42","","9.42","","7.58","6.27","13.85","111.87","91.67","20.20"
"44","Houston","AAC","","19","7","75.7","64.0","11.73","","1.98","","4.93","8.77","13.70","116.00","94.73","21.26"
"45","Utah","Pac-12","","17","8","80.5","67.9","12.60","","3.33","","8.59","4.65","13.25","114.27","94.98","19.29"
"46","Tennessee","SEC","","14","12","76.3","73.5","2.81","","10.88","","7.74","5.50","13.24","112.00","92.58","19.42"
"47","University of California","Pac-12","","18","7","69.6","62.2","7.40","","5.59","","-0.03","13.02","12.99","105.38","85.90","19.48"
"48","Michigan State","Big Ten","","16","10","71.8","68.5","3.31","","9.55","","3.45","9.40","12.86","111.48","92.16","19.33"
"49","Virginia Tech","ACC","","18","7","78.7","73.1","5.56","","7.30","","8.86","4.00","12.86","113.05","94.61","18.44"
"50","Virginia Commonwealth","A-10","","21","5","75.7","66.2","9.50","","2.93","","6.16","6.27","12.43","109.99","91.36","18.63"
"51","Rhode Island","A-10","","16","8","74.8","66.4","8.42","","3.95","","5.02","7.35","12.37","111.83","93.12","18.71"
"52","Georgia","SEC","","15","11","72.4","69.5","2.88","","9.81","","3.80","8.45","12.25","108.46","90.65","17.81"
"53","Arkansas","SEC","","18","7","80.1","74.2","5.96","","6.05","","10.06","1.95","12.01","114.66","97.66","17.00"
"54","Southern California","Pac-12","","21","5","79.0","71.9","7.15","","4.43","","8.54","3.05","11.58","112.95","95.89","17.06"
"55","Seton Hall","Big East","","15","9","73.7","69.8","3.88","","7.64","","4.90","6.62","11.52","108.83","92.15","16.68"
"56","Illinois State","MVC","","21","5","70.5","61.7","8.73","","2.58","","-1.17","12.26","11.10","105.56","88.24","17.32"
"57","Ohio State","Big Ten","","15","12","72.9","69.2","3.70","","7.28","","4.89","6.10","10.98","111.17","94.63","16.54"
"58","Providence","Big East","","15","11","69.8","66.3","3.46","","7.48","","1.48","9.46","10.94","108.27","92.02","16.25"
"59","Mississippi","SEC","","16","10","78.1","75.6","2.46","","8.13","","8.77","1.82","10.59","110.15","94.91","15.24"
"60","Texas","Big 12","","10","16","68.8","69.2","-0.31","","10.87","","0.60","9.96","10.56","104.32","88.87","15.45"
"61","Alabama","SEC","","14","10","69.8","66.1","3.67","","6.77","","-0.44","10.88","10.44","103.67","88.29","15.38"
"62","Vanderbilt","SEC","","12","13","71.8","70.4","1.40","","9.04","","3.60","6.84","10.44","113.68","97.86","15.81"
"63","Oklahoma","Big 12","","9","16","73.4","74.8","-1.32","","11.69","","6.75","3.62","10.37","107.77","92.87","14.89"
"64","Texas A&M","SEC","","13","11","72.1","68.7","3.42","","6.86","","0.80","9.47","10.27","108.93","93.56","15.38"
"65","Pittsburgh","ACC","","14","12","76.2","76.5","-0.31","","10.42","","6.94","3.17","10.11","115.76","100.87","14.89"
"66","Colorado","Pac-12","","15","11","76.3","71.7","4.62","","5.32","","5.35","4.37","9.72","110.78","96.04","14.74"
"67","Illinois","Big Ten","","14","12","73.1","71.4","1.73","","9.80","","1.96","7.76","9.72","109.04","94.56","14.48"
"68","Iowa","Big Ten","","14","12","80.5","77.9","2.58","","6.69","","11.08","-1.82","9.27","111.47","98.16","13.31"
"69","Central Florida","AAC","","16","10","67.8","60.9","6.92","","2.27","","-2.38","11.57","9.19","103.26","89.02","14.25"
"70","Nebraska","Big Ten","","11","14","71.4","71.6","-0.20","","10.72","","3.33","5.85","9.18","107.71","93.99","13.71"
"71","Brigham Young","WCC","","18","9","81.4","72.9","8.48","","0.65","","11.09","-1.96","9.13","106.19","93.51","12.68"
"72","Middle Tennessee","CUSA","","22","4","72.9","62.6","10.35","","-0.32","","-1.56","10.48","8.92","108.40","93.88","14.52"
"73","Penn State","Big Ten","","14","13","72.2","71.8","0.41","","8.51","","5.29","3.63","8.92","105.13","91.86","13.28"
"74","Auburn","SEC","","16","10","80.6","79.5","1.04","","7.84","","12.10","-3.23","8.88","109.93","96.94","12.99"
"75","St. John's (NY)","Big East","","12","14","77.2","75.6","1.58","","6.91","","8.50","-0.01","8.49","109.44","96.03","13.41"
"76","North Carolina-Wilmington","CAA","","22","5","85.8","74.8","11.00","","-1.07","","11.14","-2.69","8.45","116.40","103.45","12.95"
"77","East Tennessee State","Southern","","20","6","81.3","69.7","11.54","","-2.80","","4.45","3.88","8.33","105.62","93.74","11.87"
"78","Memphis","AAC","","18","8","75.1","68.5","6.58","","1.69","","3.57","4.70","8.27","107.42","95.07","12.35"
"79","Nevada","MWC","","19","6","78.9","72.0","6.88","","1.23","","7.49","0.62","8.11","110.39","98.64","11.75"
"80","Connecticut","AAC","","12","12","67.9","65.6","2.25","","6.05","","-1.88","9.80","7.92","104.72","92.07","12.65"
"81","Georgia Tech","ACC","","15","10","68.1","66.6","1.52","","7.87","","-2.78","10.65","7.87","100.31","88.78","11.53"
"82","San Diego State","MWC","","14","10","70.2","63.6","6.63","","1.55","","-2.70","10.16","7.46","104.87","93.09","11.77"
"83","Mississippi State","SEC","","14","11","74.4","71.8","2.60","","4.69","","4.30","2.99","7.29","109.47","98.07","11.39"
"84","North Carolina State","ACC","","14","12","79.9","79.9","0.00","","7.18","","10.35","-3.17","7.18","112.36","101.82","10.54"
"85","Stanford","Pac-12","","12","13","68.7","69.6","-0.84","","8.78","","-0.25","7.16","6.91","102.07","91.42","10.66"
"86","Temple","AAC","","14","12","71.0","71.1","-0.08","","6.78","","3.32","3.38","6.70","108.21","97.67","10.55"
"87","Davidson","A-10","","12","11","73.8","70.5","3.30","","3.36","","2.66","4.00","6.66","107.11","97.02","10.09"
"88","Boise State","MWC","","16","8","74.5","69.1","5.46","","2.13","","3.08","3.05","6.13","106.46","96.74","9.73"
"89","Colorado State","MWC","","18","9","73.0","67.5","5.44","","1.44","","0.02","5.98","6.00","106.56","96.81","9.75"
"90","St. Bonaventure","A-10","","15","9","78.4","73.5","4.96","","1.05","","5.34","0.66","6.00","108.51","99.08","9.43"
"91","Valparaiso","Horizon","","21","5","76.3","68.7","7.58","","-1.37","","1.19","4.76","5.95","105.52","96.15","9.37"
"92","Texas-Arlington","Sun Belt","","19","6","77.8","69.0","8.88","","-0.79","","5.05","0.73","5.78","107.60","98.54","9.06"
"93","San Francisco","WCC","","18","9","72.7","66.5","6.22","","0.32","","0.82","4.74","5.55","103.98","95.27","8.71"
"94","Louisiana Tech","CUSA","","18","8","76.2","65.5","10.65","","-3.73","","1.98","3.42","5.40","106.23","97.62","8.62"
"95","Loyola (IL)","MVC","","16","11","74.9","67.9","6.93","","1.33","","2.34","2.99","5.33","108.93","99.83","9.10"
"96","Vermont","AEC","","23","5","73.9","64.0","9.93","","-2.98","","-0.16","5.29","5.13","108.11","99.03","9.08"
"97","Richmond","A-10","","15","10","74.0","72.0","2.00","","2.89","","3.20","1.69","4.89","105.54","97.50","8.04"
"98","Akron","MAC (East)","","22","4","78.7","70.5","8.12","","-1.43","","3.05","1.80","4.85","111.47","103.48","8.00"
"99","Belmont","OVC (East)","","18","5","77.3","70.4","6.91","","-2.11","","3.40","1.40","4.80","108.53","100.64","7.90"
"100","Monmouth","MAAC","","22","5","80.7","73.4","7.26","","-2.52","","6.45","-1.72","4.74","104.77","97.72","7.05"
"101","George Mason","A-10","","18","8","76.1","71.0","5.12","","0.35","","4.71","-0.04","4.67","107.83","100.36","7.47"
"102","Arizona State","Pac-12","","12","14","79.5","81.5","-2.00","","6.51","","9.11","-4.60","4.51","111.49","104.61","6.89"
"103","Chattanooga","Southern","","18","7","77.0","68.0","9.00","","-1.38","","0.15","4.34","4.49","105.91","97.98","7.92"
"104","Princeton","Ivy","","15","6","72.1","63.6","8.52","","-1.40","","-2.53","6.98","4.45","106.74","97.89","8.86"
"105","Ohio","MAC (East)","","16","8","77.7","70.3","7.42","","-2.13","","2.42","2.02","4.44","103.75","96.99","6.76"
"106","College of Charleston","CAA","","19","8","67.4","63.1","4.26","","0.47","","-5.28","9.63","4.36","101.42","93.82","7.60"
"107","Bucknell","Patriot","","20","7","74.9","67.8","7.07","","-2.73","","2.61","1.74","4.35","105.97","99.04","6.93"
"108","New Mexico","MWC","","16","10","75.8","73.4","2.42","","1.73","","4.46","-0.31","4.15","108.29","101.55","6.75"
"109","New Mexico State","WAC","","22","4","77.6","66.4","11.19","","-3.98","","0.76","3.36","4.11","106.00","98.81","7.20"
"110","Massachusetts","A-10","","13","12","73.2","70.9","2.32","","1.66","","2.39","1.59","3.98","100.04","93.67","6.37"
"111","Boston College","ACC","","9","18","72.6","76.2","-3.56","","7.40","","3.11","0.73","3.85","103.94","97.67","6.27"
"112","La Salle","A-10","","13","10","78.1","77.8","0.35","","3.38","","8.07","-4.34","3.73","112.21","105.78","6.43"
"113","Furman","Southern","","19","8","75.3","65.1","10.22","","-3.39","","-1.85","5.54","3.69","104.80","98.40","6.41"
"114","Rutgers","Big Ten","","13","14","66.1","66.7","-0.52","","5.23","","-4.07","7.65","3.58","98.52","92.28","6.24"
"115","Tulsa","AAC","","12","13","67.0","68.8","-1.80","","5.37","","0.18","3.40","3.57","102.45","96.43","6.02"
"116","Missouri State","MVC","","15","12","73.8","67.9","5.96","","0.06","","1.74","1.70","3.45","107.16","101.01","6.15"
"117","Oakland","Horizon","","19","7","77.7","69.9","7.85","","-3.28","","2.04","1.14","3.18","100.50","95.46","5.04"
"118","Northern Iowa","MVC","","13","12","63.2","63.8","-0.56","","5.23","","-8.31","11.41","3.10","97.53","92.56","4.97"
"119","Missouri","SEC","","7","17","69.5","71.5","-1.96","","4.98","","-1.17","4.19","3.02","99.52","94.38","5.14"
"120","Arkansas State","Sun Belt","","18","8","74.2","68.7","5.46","","-1.02","","0.05","2.89","2.94","104.52","99.29","5.23"
"121","Washington","Pac-12","","9","16","78.0","81.0","-2.96","","5.75","","7.58","-4.80","2.79","107.76","103.14","4.62"
"122","Cal State Bakersfield","WAC","","17","7","72.6","63.2","9.46","","-3.37","","-5.56","8.14","2.58","98.46","93.46","5.01"
"123","Evansville","MVC","","14","14","68.4","66.2","2.25","","2.34","","-3.11","5.68","2.57","101.98","97.12","4.86"
"124","George Washington","A-10","","13","12","68.9","69.6","-0.72","","3.04","","-1.62","3.94","2.32","106.05","102.06","3.99"
"125","Harvard","Ivy","","14","7","70.5","64.4","6.14","","-1.75","","-1.81","4.12","2.31","103.42","98.77","4.65"
"126","Rice","CUSA","","17","8","82.2","74.5","7.72","","-4.01","","7.49","-5.23","2.25","106.47","103.08","3.39"
"127","Fresno State","MWC","","14","11","74.9","72.2","2.72","","1.29","","2.38","-0.17","2.21","104.17","100.07","4.10"
"128","Utah State","MWC","","12","13","72.8","70.4","2.48","","2.81","","-0.52","2.72","2.20","104.56","101.16","3.40"
"129","Old Dominion","CUSA","","15","10","63.7","61.3","2.44","","-0.31","","-9.79","11.92","2.13","98.90","93.97","4.92"
"130","Wyoming","MWC","","16","11","77.5","75.2","2.26","","1.53","","6.06","-3.94","2.13","101.22","97.46","3.77"
"131","DePaul","Big East","","8","18","69.3","74.3","-5.04","","7.09","","-0.45","2.49","2.05","104.01","100.05","3.97"
"132","Florida Gulf Coast","A-Sun","","20","7","78.7","68.8","9.93","","-2.13","","-0.50","2.50","1.99","105.78","101.59","4.19"
"133","Saint Joseph's","A-10","","10","15","71.0","73.6","-2.60","","4.59","","0.61","1.38","1.99","103.39","99.76","3.62"
"134","IPFW","Summit","","17","9","88.3","78.0","10.31","","-2.82","","7.66","-5.79","1.87","106.57","103.92","2.65"
"135","Yale","Ivy","","14","7","75.4","68.9","6.52","","-2.19","","0.69","1.18","1.87","102.96","99.47","3.48"
"136","North Carolina-Asheville","Big South","","20","7","77.6","69.0","8.59","","-4.32","","2.33","-0.69","1.64","104.91","101.54","3.37"
"137","Buffalo","MAC (East)","","14","12","78.3","74.5","3.81","","-0.38","","2.55","-1.02","1.54","101.54","98.21","3.33"
"138","Santa Clara","WCC","","14","13","65.6","65.1","0.44","","1.97","","-5.19","6.66","1.47","103.14","99.96","3.18"
"139","Iona","MAAC","","17","10","80.1","76.1","4.04","","-2.68","","5.20","-3.85","1.36","106.88","103.76","3.12"
"140","Louisiana State","SEC","","9","16","74.9","82.1","-7.24","","8.50","","7.02","-5.76","1.26","107.64","103.92","3.71"
"141","Elon","CAA","","16","11","74.9","71.0","3.89","","-0.52","","0.46","0.74","1.20","102.46","100.02","2.43"
"142","Lehigh","Patriot","","14","11","75.0","70.9","4.08","","-2.25","","2.61","-1.48","1.12","104.82","102.47","2.35"
"143","Toledo","MAC (West)","","13","13","80.7","77.7","3.00","","-0.44","","5.17","-4.09","1.08","108.52","105.82","2.70"
"144","Towson","CAA","","17","10","73.7","69.1","4.52","","-1.33","","-0.30","1.28","0.98","101.22","98.87","2.35"
"145","North Dakota State","Summit","","17","8","74.1","69.0","5.04","","-1.92","","-2.27","3.18","0.91","101.40","99.30","2.10"
"146","William & Mary","CAA","","14","11","81.1","76.2","4.84","","0.17","","6.39","-5.56","0.83","109.67","107.09","2.58"
"147","Southern Illinois","MVC","","14","13","70.2","70.4","-0.22","","1.79","","-0.79","1.54","0.76","104.86","102.78","2.08"
"148","Saint Peter's","MAAC","","15","12","66.3","62.0","4.33","","-3.60","","-10.00","10.74","0.74","99.85","96.73","3.12"
"149","Alabama-Birmingham","CUSA","","15","11","73.7","70.4","3.27","","-1.57","","0.24","0.31","0.55","103.72","102.22","1.49"
"150","Winthrop","Big South","","19","6","78.3","71.0","7.32","","-4.72","","4.04","-3.50","0.54","102.41","100.56","1.86"
"151","Northeastern","CAA","","14","12","72.1","70.0","2.12","","-1.77","","-0.80","1.14","0.35","104.48","103.10","1.39"
"152","Marshall","CUSA","","14","11","86.7","84.7","1.96","","-1.19","","15.45","-15.27","0.18","108.64","107.58","1.05"
"153","Georgia State","Sun Belt","","16","9","75.4","70.6","4.84","","-2.09","","-0.46","0.46","0.00","103.54","102.41","1.13"
"154","South Dakota","Summit","","18","10","76.6","73.0","3.57","","-1.10","","0.04","-0.10","-0.06","100.72","99.62","1.10"
"155","Loyola Marymount","WCC","","12","13","71.3","71.1","0.20","","1.71","","-1.57","1.48","-0.08","102.64","100.75","1.89"
"156","Eastern Michigan","MAC (West)","","13","13","78.1","72.5","5.62","","0.84","","-0.18","0.06","-0.12","102.09","100.83","1.26"
"157","Kent State","MAC (East)","","14","12","77.8","72.8","5.00","","-3.11","","1.49","-1.65","-0.15","102.46","101.77","0.69"
"158","Indiana State","MVC","","10","16","71.2","73.5","-2.23","","3.76","","1.00","-1.20","-0.20","99.84","99.31","0.53"
"159","UC-Irvine","Big West","","15","12","70.2","65.6","4.59","","-1.81","","-4.08","3.83","-0.25","98.10","97.68","0.42"
"160","Albany (NY)","AEC","","16","11","72.0","67.0","4.93","","-3.97","","-3.08","2.66","-0.43","105.35","104.41","0.94"
"161","Northern Kentucky","Horizon","","17","9","75.8","71.0","4.73","","-2.98","","-1.42","0.90","-0.52","103.00","102.69","0.32"
"162","Wofford","Southern","","13","14","79.7","76.4","3.26","","0.09","","3.10","-3.63","-0.54","107.15","107.12","0.03"
"163","Weber State","Big Sky","","15","8","81.1","72.3","8.83","","-4.57","","0.85","-1.42","-0.57","107.24","107.23","0.01"
"164","Pennsylvania","Ivy","","9","12","67.2","67.7","-0.43","","-0.15","","-4.43","3.85","-0.58","98.89","98.99","-0.09"
"165","Louisiana-Lafayette","Sun Belt","","15","11","82.0","75.9","6.12","","-2.90","","6.75","-7.36","-0.61","107.06","106.69","0.37"
"166","Grand Canyon","WAC","","17","9","73.8","68.7","5.15","","-3.69","","-1.76","1.11","-0.65","99.44","98.95","0.49"
"167","Washington State","Pac-12","","11","14","70.4","76.8","-6.36","","6.14","","-0.15","-0.55","-0.69","103.28","103.68","-0.40"
"168","Denver","Summit","","16","10","76.3","73.1","3.15","","-3.88","","0.55","-1.27","-0.73","106.37","106.06","0.31"
"169","Boston University","Patriot","","15","11","73.8","69.9","3.88","","-3.40","","0.48","-1.32","-0.84","101.11","101.21","-0.09"
"170","Mercer","Southern","","12","15","70.2","67.7","2.52","","-0.06","","-5.03","4.05","-0.98","104.81","105.05","-0.24"
"171","Murray State","OVC (West)","","13","13","81.5","76.8","4.65","","-3.81","","4.44","-5.46","-1.02","106.44","106.35","0.09"
"172","San Jose State","MWC","","13","10","74.2","73.0","1.26","","1.25","","-0.45","-0.64","-1.08","99.41","99.48","-0.06"
"173","Lipscomb","A-Sun","","17","11","84.8","77.5","7.32","","-3.12","","7.37","-8.49","-1.12","104.37","104.93","-0.56"
"174","Ball State","MAC (West)","","16","10","78.8","74.4","4.42","","-4.24","","2.67","-3.92","-1.24","102.49","103.29","-0.80"
"175","Wright State","Horizon","","17","9","76.7","71.9","4.73","","-2.05","","-0.04","-1.30","-1.35","102.71","103.47","-0.76"
"176","North Carolina-Greensboro","Southern","","18","8","75.3","69.6","5.77","","-2.53","","-1.59","0.23","-1.36","104.38","105.32","-0.94"
"177","Tennessee State","OVC (East)","","15","11","71.7","68.0","3.69","","-2.75","","-4.50","3.13","-1.37","97.66","98.37","-0.71"
"178","Montana","Big Sky","","13","13","73.9","72.7","1.23","","-2.74","","-1.87","0.36","-1.51","104.32","105.08","-0.75"
"179","Samford","Southern","","15","11","79.8","76.5","3.31","","-3.57","","4.78","-6.39","-1.61","104.19","105.23","-1.04"
"180","Air Force","MWC","","10","15","75.6","74.8","0.72","","0.18","","0.53","-2.18","-1.65","105.81","107.03","-1.22"
"181","Canisius","MAAC","","16","11","80.6","79.5","1.11","","-2.77","","5.26","-6.92","-1.66","108.18","109.46","-1.28"
"182","Morehead State","OVC (East)","","13","12","81.7","77.8","3.88","","-1.34","","3.53","-5.34","-1.81","105.92","107.94","-2.02"
"183","Eastern Washington","Big Sky","","17","9","79.0","76.3","2.65","","-2.62","","3.40","-5.23","-1.83","106.36","107.99","-1.63"
"184","Troy","Sun Belt","","14","12","80.4","73.7","6.73","","-4.08","","2.38","-4.21","-1.83","106.32","107.98","-1.66"
"185","Green Bay","Horizon","","15","11","80.2","77.2","3.00","","-1.67","","3.90","-5.82","-1.92","99.28","101.00","-1.72"
"186","Navy","Patriot","","15","11","66.2","63.2","3.04","","-4.05","","-7.08","5.11","-1.97","99.26","101.12","-1.86"
"187","East Carolina","AAC","","11","14","61.4","63.6","-2.20","","0.13","","-9.54","7.46","-2.07","91.98","94.68","-2.70"
"188","Nevada-Las Vegas","MWC","","10","16","71.0","75.4","-4.42","","2.24","","-1.43","-0.75","-2.18","99.34","101.53","-2.20"
"189","North Carolina Central","MEAC","","19","6","75.1","63.6","11.48","","-10.45","","-4.20","1.97","-2.22","99.39","100.68","-1.29"
"190","Georgia Southern","Sun Belt","","16","10","78.4","73.8","4.58","","-3.17","","1.17","-3.42","-2.25","103.40","105.66","-2.26"
"191","Western Michigan","MAC (West)","","10","15","76.1","78.2","-2.08","","0.50","","1.62","-3.96","-2.34","105.88","107.97","-2.09"
"192","Central Michigan","MAC (West)","","16","10","89.5","85.0","4.54","","-2.62","","12.74","-15.16","-2.42","110.37","112.77","-2.40"
"193","Hofstra","CAA","","13","14","77.1","76.5","0.59","","-1.76","","3.19","-5.61","-2.42","108.61","110.88","-2.26"
"194","Northern Illinois","MAC (West)","","14","12","71.8","69.0","2.77","","-1.85","","-6.06","3.64","-2.42","94.58","97.03","-2.45"
"195","Fordham","A-10","","10","15","67.0","69.9","-2.92","","1.67","","-6.66","4.21","-2.45","96.91","100.20","-3.30"
"196","North Dakota","Big Sky","","15","8","81.1","73.6","7.57","","-5.39","","2.57","-5.06","-2.49","102.33","104.48","-2.15"
"197","Coastal Carolina","Sun Belt","","13","13","71.7","72.0","-0.27","","0.10","","-2.58","-0.36","-2.94","99.54","101.98","-2.44"
"198","Tennessee-Martin","OVC (West)","","18","10","78.6","75.4","3.18","","-3.64","","1.65","-4.76","-3.10","105.10","108.32","-3.22"
"199","Maryland-Baltimore County","AEC","","16","9","81.8","76.6","5.24","","-5.96","","5.64","-8.94","-3.31","105.66","109.52","-3.87"
"200","Fairfield","MAAC","","13","11","74.0","73.3","0.75","","-4.09","","-1.61","-1.73","-3.34","98.14","101.41","-3.28"
"201","Siena","MAAC","","12","15","73.1","74.9","-1.78","","-1.63","","-1.27","-2.14","-3.41","101.17","104.74","-3.57"
"202","New Hampshire","AEC","","15","11","70.9","66.1","4.81","","-3.19","","-5.00","1.46","-3.54","98.98","102.44","-3.46"
"203","Duquesne","A-10","","9","16","70.7","75.4","-4.68","","1.12","","-0.74","-2.82","-3.56","98.90","102.96","-4.07"
"204","Utah Valley","WAC","","11","13","77.8","74.7","3.17","","-2.51","","3.11","-6.67","-3.56","98.55","102.80","-4.25"
"205","Nebraska-Omaha","Summit","","13","13","83.5","84.7","-1.15","","-0.62","","7.33","-11.03","-3.70","103.70","107.88","-4.18"
"206","Texas State","Sun Belt","","15","9","66.9","62.5","4.33","","-4.88","","-9.77","5.93","-3.84","97.10","101.26","-4.17"
"207","Columbia","Ivy","","10","11","73.1","72.0","1.10","","-3.03","","-0.70","-3.28","-3.98","99.68","104.28","-4.60"
"208","Drake","MVC","","7","20","71.8","77.2","-5.44","","2.28","","1.64","-5.64","-4.00","103.21","108.20","-4.99"
"209","Stony Brook","AEC","","15","10","71.0","70.8","0.20","","-4.22","","-3.79","-0.23","-4.02","101.90","106.33","-4.43"
"210","Liberty","Big South","","18","10","67.8","63.2","4.61","","-5.64","","-8.45","4.37","-4.08","98.83","102.88","-4.05"
"211","Charlotte","CUSA","","11","13","77.5","80.9","-3.46","","0.04","","4.30","-8.43","-4.13","102.60","107.03","-4.42"
"212","IUPUI","Summit","","11","15","78.6","78.6","0.04","","-1.57","","2.95","-7.10","-4.15","104.56","108.85","-4.29"
"213","Jacksonville State","OVC (East)","","16","12","69.8","68.8","0.93","","-3.52","","-5.71","1.53","-4.18","101.60","106.35","-4.75"
"214","Bradley","MVC","","9","18","64.3","70.9","-6.63","","3.20","","-6.73","2.46","-4.27","95.22","100.67","-5.45"
"215","Mount St. Mary's","NEC","","14","13","67.5","69.1","-1.59","","-2.76","","-6.67","2.31","-4.36","96.30","100.85","-4.55"
"216","UC-Davis","Big West","","16","9","71.4","69.0","2.36","","-5.34","","-4.01","-0.37","-4.38","95.77","101.05","-5.28"
"217","Texas-El Paso","CUSA","","9","15","68.1","68.4","-0.33","","-2.61","","-6.28","1.85","-4.43","96.65","101.46","-4.81"
"218","Gardner-Webb","Big South","","14","13","76.1","70.6","5.48","","-4.50","","-0.57","-3.93","-4.50","98.69","103.82","-5.13"
"219","South Dakota State","Summit","","12","16","76.3","78.2","-1.96","","-0.85","","1.92","-6.42","-4.50","107.47","112.72","-5.26"
"220","Eastern Illinois","OVC (West)","","13","13","74.9","71.3","3.58","","-4.52","","-1.80","-2.76","-4.56","97.71","103.05","-5.34"
"221","Portland","WCC","","9","17","66.3","71.8","-5.42","","2.85","","-5.97","1.34","-4.63","96.62","103.28","-6.67"
"222","Illinois-Chicago","Horizon","","13","13","77.5","75.4","2.04","","-3.76","","1.92","-6.56","-4.64","100.06","105.32","-5.26"
"223","Missouri-Kansas City","WAC","","14","13","77.3","79.3","-2.04","","0.21","","-0.08","-4.63","-4.70","100.66","105.77","-5.11"
"224","Oral Roberts","Summit","","8","19","75.0","79.5","-4.56","","1.94","","0.66","-5.36","-4.70","102.06","107.59","-5.53"
"225","Holy Cross","Patriot","","13","14","60.9","63.0","-2.11","","-2.80","","-12.47","7.56","-4.91","96.73","103.33","-6.60"
"226","San Diego","WCC","","11","15","66.0","70.5","-4.42","","0.32","","-7.55","2.63","-4.92","97.71","105.15","-7.44"
"227","Arkansas-Little Rock","Sun Belt","","13","13","70.5","69.3","1.23","","-3.43","","-7.43","2.38","-5.05","98.08","104.43","-6.36"
"228","New Orleans","Southland","","15","9","72.6","70.2","2.42","","-4.00","","-6.14","1.09","-5.05","96.83","101.81","-4.98"
"229","Sam Houston State","Southland","","18","8","76.0","70.8","5.19","","-5.12","","-3.15","-2.11","-5.26","94.50","100.38","-5.88"
"230","Pacific","WCC","","9","18","66.5","71.2","-4.67","","1.42","","-6.97","1.70","-5.27","97.54","104.33","-6.79"
"231","Hawaii","Big West","","12","12","68.6","68.7","-0.08","","-3.96","","-5.49","0.10","-5.39","96.14","102.93","-6.80"
"232","Idaho","Big Sky","","13","11","73.3","71.7","1.63","","-5.02","","-4.34","-1.13","-5.47","97.93","104.70","-6.77"
"233","Oregon State","Pac-12","","4","22","64.2","72.8","-8.62","","4.46","","-9.40","3.90","-5.50","95.70","103.62","-7.92"
"234","Tulane","AAC","","4","20","68.8","78.9","-10.17","","4.63","","0.57","-6.10","-5.54","100.32","106.55","-6.23"
"235","Montana State","Big Sky","","12","14","79.9","79.3","0.65","","-4.73","","1.68","-7.25","-5.57","100.93","107.67","-6.74"
"236","Bowling Green State","MAC (East)","","11","15","74.9","77.2","-2.35","","-2.15","","-0.72","-4.90","-5.63","98.47","105.55","-7.08"
"237","South Alabama","Sun Belt","","12","13","71.4","71.2","0.28","","-2.79","","-4.00","-1.70","-5.71","94.67","101.46","-6.79"
"238","Cleveland State","Horizon","","8","18","66.7","71.4","-4.69","","-0.16","","-8.55","2.83","-5.72","94.16","100.73","-6.58"
"239","Portland State","Big Sky","","12","11","86.4","81.3","5.13","","-5.64","","5.83","-11.67","-5.84","101.95","109.16","-7.21"
"240","Cal State Northridge","Big West","","11","13","78.7","80.5","-1.83","","-3.02","","3.97","-9.85","-5.88","102.88","109.43","-6.55"
"241","Rider","MAAC","","14","13","73.6","74.4","-0.85","","-5.04","","-1.77","-4.12","-5.89","95.63","102.67","-7.05"
"242","James Madison","CAA","","7","20","65.0","68.9","-3.85","","-1.32","","-10.31","4.34","-5.97","95.03","102.50","-7.47"
"243","Western Kentucky","CUSA","","12","13","69.8","72.8","-2.92","","-3.05","","-4.59","-1.38","-5.97","100.16","107.43","-7.27"
"244","South Carolina Upstate","A-Sun","","17","11","78.3","75.1","3.18","","-4.91","","-1.28","-4.71","-5.99","101.24","108.37","-7.12"
"245","Florida Atlantic","CUSA","","8","15","70.7","72.0","-1.39","","-1.97","","-4.01","-2.05","-6.07","95.94","103.42","-7.48"
"246","Loyola (MD)","Patriot","","13","12","66.2","68.8","-2.68","","-2.84","","-7.81","1.64","-6.17","95.30","103.41","-8.11"
"247","Drexel","CAA","","9","18","76.8","79.4","-2.67","","-1.87","","2.17","-8.35","-6.18","101.35","108.67","-7.33"
"248","Army","Patriot","","9","17","74.0","74.8","-0.81","","-3.92","","0.04","-6.32","-6.28","97.51","104.90","-7.39"
"249","Southeast Missouri State","OVC (West)","","12","16","74.3","74.9","-0.61","","-3.93","","-2.00","-4.36","-6.35","101.52","109.06","-7.54"
"250","Texas A&M-Corpus Christi","Southland","","14","9","75.1","73.9","1.26","","-5.49","","-2.39","-4.05","-6.44","98.99","107.07","-8.08"
"251","Appalachian State","Sun Belt","","8","16","75.0","75.3","-0.25","","-0.45","","-0.62","-5.87","-6.49","99.07","106.79","-7.72"
"252","Stephen F. Austin","Southland","","13","11","70.0","68.9","1.04","","-5.10","","-9.12","2.55","-6.58","93.32","101.45","-8.13"
"253","Texas Southern","SWAC","","14","11","72.8","74.7","-1.84","","-4.84","","-1.66","-5.01","-6.68","100.87","108.77","-7.90"
"254","Southeastern Louisiana","Southland","","13","13","71.4","68.2","3.19","","-7.52","","-6.70","0.01","-6.69","94.37","102.29","-7.92"
"255","Long Beach State","Big West","","11","16","75.9","81.4","-5.48","","1.36","","2.46","-9.22","-6.76","101.18","108.71","-7.54"
"256","Saint Louis","A-10","","9","17","62.5","71.5","-9.00","","2.06","","-9.95","3.01","-6.94","94.38","103.87","-9.50"
"257","Lamar","Southland","","15","10","78.8","71.3","7.48","","-7.68","","-2.45","-4.52","-6.97","99.36","107.54","-8.18"
"258","Wagner","NEC","","12","12","67.1","64.9","2.17","","-7.04","","-9.55","2.51","-7.04","96.00","104.42","-8.43"
"259","Tennessee Tech","OVC (East)","","11","17","72.0","72.5","-0.50","","-3.53","","-4.73","-2.41","-7.14","96.76","105.82","-9.06"
"260","Quinnipiac","MAAC","","10","16","76.6","81.7","-5.12","","-2.07","","2.22","-9.40","-7.18","98.44","107.20","-8.76"
"261","South Florida","AAC","","7","17","65.4","74.3","-8.88","","1.64","","-4.28","-2.96","-7.23","96.74","106.04","-9.30"
"262","Brown","Ivy","","11","13","77.0","77.7","-0.67","","-3.95","","2.49","-9.98","-7.49","101.82","111.07","-9.25"
"263","Pepperdine","WCC","","9","17","70.2","79.2","-8.96","","2.06","","-2.41","-5.09","-7.50","99.61","108.93","-9.32"
"264","Houston Baptist","Southland","","11","12","77.9","77.5","0.39","","-2.68","","-0.98","-6.55","-7.53","99.41","107.83","-8.42"
"265","Miami (OH)","MAC (East)","","10","16","72.3","75.2","-2.88","","-2.62","","-4.40","-3.29","-7.70","95.37","104.93","-9.56"
"266","North Florida","A-Sun","","11","17","77.6","78.6","-1.00","","-0.53","","-2.14","-5.68","-7.82","97.87","107.54","-9.66"
"267","Milwaukee","Horizon","","8","19","67.6","72.3","-4.67","","-1.83","","-7.70","-0.12","-7.83","98.27","109.03","-10.76"
"268","High Point","Big South","","14","13","68.8","67.9","0.96","","-5.81","","-6.49","-1.37","-7.85","96.50","106.69","-10.19"
"269","Niagara","MAAC","","9","18","75.7","78.9","-3.11","","-4.84","","-0.98","-6.97","-7.95","99.08","108.74","-9.66"
"270","Seattle","WAC","","12","12","72.5","72.5","-0.04","","-4.64","","-4.37","-3.60","-7.98","94.54","104.09","-9.55"
"271","Cornell","Ivy","","6","17","71.7","77.1","-5.43","","-1.16","","-3.19","-4.92","-8.12","95.38","105.33","-9.95"
"272","Florida International","CUSA","","6","19","70.9","74.0","-3.12","","-3.23","","-4.42","-3.76","-8.18","99.80","110.23","-10.42"
"273","Robert Morris","NEC","","10","17","62.5","66.7","-4.26","","-3.95","","-11.12","2.91","-8.21","87.79","98.27","-10.48"
"274","Colgate","Patriot","","9","18","66.7","70.8","-4.07","","-3.17","","-7.69","-0.61","-8.29","95.29","106.08","-10.79"
"275","Louisiana-Monroe","Sun Belt","","7","19","66.2","69.2","-2.96","","-2.44","","-8.59","0.28","-8.31","93.76","104.58","-10.82"
"276","Fairleigh Dickinson","NEC","","11","14","72.7","74.4","-1.72","","-4.68","","-1.52","-6.95","-8.47","99.85","110.55","-10.70"
"277","Texas-San Antonio","CUSA","","11","14","65.1","68.8","-3.64","","-3.53","","-10.18","1.70","-8.48","89.12","99.90","-10.78"
"278","Long Island University","NEC","","16","11","70.2","69.6","0.56","","-7.62","","-6.42","-2.08","-8.50","95.64","106.31","-10.66"
"279","Kennesaw State","A-Sun","","12","15","74.9","76.7","-1.85","","-5.78","","-2.38","-6.16","-8.54","100.00","111.04","-11.04"
"280","Saint Francis (PA)","NEC","","11","14","75.6","74.9","0.68","","-6.79","","-0.35","-8.24","-8.59","98.17","109.15","-10.98"
"281","Manhattan","MAAC","","9","18","70.1","77.1","-7.07","","-2.01","","-4.74","-4.34","-9.09","93.41","104.61","-11.21"
"282","Bryant","NEC","","9","18","73.3","77.2","-3.93","","-4.04","","-0.82","-8.34","-9.16","99.05","110.42","-11.36"
"283","Cal State Fullerton","Big West","","11","12","75.2","73.4","1.78","","-6.76","","-2.86","-6.33","-9.19","94.51","106.15","-11.63"
"284","Massachusetts-Lowell","AEC","","11","17","78.4","80.1","-1.79","","-6.45","","2.74","-11.93","-9.19","100.11","111.87","-11.76"
"285","NJIT","A-Sun","","9","18","72.8","74.1","-1.26","","-3.69","","-5.71","-3.50","-9.21","94.57","106.13","-11.56"
"286","Eastern Kentucky","OVC (East)","","10","17","71.0","75.9","-4.96","","-1.98","","-5.44","-3.78","-9.22","94.75","107.10","-12.35"
"287","Northern Colorado","Big Sky","","8","16","70.3","74.3","-3.96","","-3.28","","-7.25","-2.40","-9.65","91.12","103.66","-12.54"
"288","American","Patriot","","6","19","61.2","68.3","-7.12","","-2.62","","-11.84","2.10","-9.74","92.29","105.81","-13.52"
"289","Jacksonville","A-Sun","","16","12","78.2","74.6","3.57","","-8.48","","-3.52","-6.25","-9.77","98.95","111.24","-12.29"
"290","Delaware","CAA","","11","16","64.4","70.5","-6.11","","-1.67","","-10.67","0.76","-9.91","93.03","106.23","-13.20"
"291","Radford","Big South","","11","15","66.5","71.9","-5.38","","-2.21","","-10.07","0.11","-9.96","92.75","105.81","-13.06"
"292","North Texas","CUSA","","7","17","68.1","73.6","-5.54","","-2.40","","-5.91","-4.17","-10.08","93.88","106.11","-12.23"
"293","Detroit Mercy","Horizon","","6","19","77.7","85.7","-8.00","","-0.62","","2.64","-12.84","-10.21","100.91","113.43","-12.52"
"294","UC-Riverside","Big West","","8","15","66.0","68.9","-2.87","","-3.17","","-11.21","0.99","-10.22","89.16","102.36","-13.21"
"295","Youngstown State","Horizon","","10","17","77.3","82.9","-5.52","","-2.53","","1.60","-11.88","-10.29","97.13","109.82","-12.69"
"296","Binghamton","AEC","","12","16","68.6","70.6","-2.00","","-4.84","","-10.22","-0.26","-10.48","93.72","108.03","-14.31"
"297","Dartmouth","Ivy","","5","16","65.8","73.0","-7.24","","-3.42","","-7.26","-3.39","-10.65","94.93","108.98","-14.06"
"298","Sacred Heart","NEC","","12","15","72.0","75.7","-3.70","","-7.12","","-2.44","-8.38","-10.82","94.04","107.99","-13.95"
"299","Central Arkansas","Southland","","8","18","74.5","83.1","-8.58","","-2.39","","0.56","-11.52","-10.97","99.33","113.48","-14.14"
"300","Sacramento State","Big Sky","","9","14","71.2","75.6","-4.39","","-3.83","","-5.42","-5.55","-10.97","97.05","111.42","-14.38"
"301","Abilene Christian","Southland","","11","13","68.8","70.3","-1.50","","-6.47","","-9.64","-1.38","-11.02","91.40","105.77","-14.38"
"302","Cal Poly","Big West","","7","17","66.6","72.8","-6.21","","-3.01","","-7.26","-3.79","-11.05","98.71","113.81","-15.10"
"303","Western Illinois","Summit","","8","16","70.0","74.4","-4.42","","-2.38","","-7.72","-3.35","-11.06","92.36","106.64","-14.28"
"304","Texas-Rio Grande Valley","WAC","","10","17","77.8","81.3","-3.52","","-4.46","","1.18","-12.31","-11.13","95.59","109.27","-13.68"
"305","Campbell","Big South","","13","13","73.0","71.9","1.15","","-7.63","","-7.67","-3.83","-11.50","95.92","111.24","-15.32"
"306","Norfolk State","MEAC","","12","13","69.4","72.4","-3.04","","-6.05","","-8.64","-3.14","-11.78","91.02","106.74","-15.72"
"307","Charleston Southern","Big South","","8","17","73.6","74.8","-1.12","","-4.61","","-3.09","-8.75","-11.84","97.74","113.18","-15.44"
"308","Austin Peay","OVC (West)","","8","18","76.7","84.5","-7.77","","-1.05","","0.84","-12.76","-11.92","100.75","116.20","-15.44"
"309","Incarnate Word","Southland","","10","14","76.7","80.7","-4.00","","-4.59","","0.21","-12.34","-12.14","98.04","113.09","-15.05"
"310","Hampton","MEAC","","11","13","69.0","71.6","-2.58","","-8.18","","-9.47","-2.71","-12.18","90.81","107.56","-16.75"
"311","Alcorn State","SWAC","","13","11","69.3","68.8","0.50","","-8.68","","-8.28","-3.93","-12.21","91.88","107.65","-15.78"
"312","Maryland-Eastern Shore","MEAC","","9","17","71.4","76.5","-5.12","","-5.18","","-4.89","-7.42","-12.30","95.18","111.61","-16.42"
"313","Southern Illinois-Edwardsville","OVC (West)","","5","22","67.0","75.8","-8.81","","-2.59","","-7.75","-4.88","-12.63","90.69","107.38","-16.69"
"314","Virginia Military Institute","Southern","","6","18","69.5","78.2","-8.67","","-1.00","","-5.02","-7.70","-12.72","96.45","113.67","-17.22"
"315","Northwestern State","Southland","","9","14","75.6","79.6","-4.00","","-5.15","","-2.11","-10.62","-12.73","95.35","111.39","-16.04"
"316","Southern","SWAC","","12","14","72.2","73.1","-0.92","","-9.91","","-5.20","-7.62","-12.82","95.77","112.61","-16.84"
"317","Marist","MAAC","","6","21","68.0","78.9","-10.93","","-2.42","","-6.11","-7.23","-13.35","95.66","113.74","-18.08"
"318","Idaho State","Big Sky","","5","19","69.3","79.1","-9.79","","-2.27","","-6.28","-7.51","-13.79","94.13","112.77","-18.64"
"319","Northern Arizona","Big Sky","","7","19","68.7","76.2","-7.50","","-5.14","","-7.41","-6.66","-14.06","90.86","109.21","-18.35"
"320","Citadel","Southern","","9","18","91.6","97.3","-5.70","","-1.81","","12.41","-26.50","-14.10","100.75","116.33","-15.58"
"321","UC-Santa Barbara","Big West","","3","20","61.7","73.8","-12.13","","-0.42","","-12.15","-2.04","-14.19","89.64","108.76","-19.12"
"322","Jackson State","SWAC","","11","15","64.5","68.0","-3.42","","-8.88","","-12.77","-1.54","-14.31","90.50","110.10","-19.60"
"323","Hartford","AEC","","8","19","67.4","76.6","-9.15","","-5.19","","-8.14","-6.20","-14.34","90.03","108.67","-18.64"
"324","McNeese State","Southland","","7","17","69.1","78.3","-9.17","","-3.33","","-8.07","-6.46","-14.52","90.21","108.32","-18.11"
"325","Stetson","A-Sun","","10","18","78.8","84.1","-5.36","","-5.70","","0.29","-14.83","-14.54","97.05","115.16","-18.11"
"326","Southern Mississippi","CUSA","","7","18","60.6","71.0","-10.44","","-2.36","","-14.17","-0.45","-14.62","86.47","106.88","-20.41"
"327","Lafayette","Patriot","","7","18","66.4","76.2","-9.80","","-3.10","","-6.92","-7.93","-14.85","92.47","112.23","-19.77"
"328","Prairie View","SWAC","","8","18","67.6","74.8","-7.23","","-5.20","","-7.20","-7.71","-14.91","90.81","110.41","-19.60"
"329","Maine","AEC","","6","22","66.0","75.2","-9.14","","-3.69","","-9.89","-5.16","-15.06","90.06","109.81","-19.75"
"330","Western Carolina","Southern","","7","19","59.9","72.9","-12.96","","1.20","","-15.43","0.25","-15.18","84.40","104.70","-20.30"
"331","Morgan State","MEAC","","10","14","66.6","71.7","-5.13","","-9.35","","-11.96","-3.39","-15.35","86.41","106.37","-19.96"
"332","Nicholls State","Southland","","11","14","74.0","79.8","-5.84","","-3.78","","-3.72","-11.97","-15.68","94.40","114.73","-20.33"
"333","Southern Utah","Big Sky","","4","22","76.3","84.5","-8.19","","-4.61","","-1.86","-14.17","-16.02","96.19","116.76","-20.57"
"334","Savannah State","MEAC","","10","14","85.3","93.6","-8.25","","-6.35","","8.12","-24.61","-16.49","95.96","114.80","-18.85"
"335","Chicago State","WAC","","6","21","66.0","78.6","-12.63","","-0.12","","-10.57","-6.10","-16.67","88.92","110.96","-22.04"
"336","Central Connecticut State","NEC","","5","20","62.1","72.6","-10.44","","-6.72","","-12.88","-4.28","-17.16","88.34","112.21","-23.87"
"337","St. Francis (NY)","NEC","","4","23","63.2","73.7","-10.52","","-5.86","","-13.28","-4.19","-17.47","85.56","109.11","-23.56"
"338","Howard","MEAC","","6","20","62.3","73.1","-10.77","","-5.33","","-13.75","-4.00","-17.75","85.98","110.99","-25.01"
"339","South Carolina State","MEAC","","8","17","67.2","79.8","-12.64","","-3.47","","-7.84","-10.32","-18.16","93.98","118.83","-24.85"
"340","Delaware State","MEAC","","9","19","69.3","76.6","-7.29","","-7.75","","-10.39","-7.90","-18.29","89.66","114.13","-24.47"
"341","Alabama State","SWAC","","8","16","65.5","73.1","-7.63","","-10.17","","-11.93","-6.50","-18.43","84.31","109.12","-24.81"
"342","Grambling","SWAC","","11","15","70.9","74.8","-3.96","","-9.64","","-10.20","-8.75","-18.95","88.20","113.48","-25.28"
"343","Florida A&M","MEAC","","7","18","72.7","79.4","-6.72","","-10.61","","-7.19","-12.50","-19.69","90.07","115.66","-25.59"
"344","Arkansas-Pine Bluff","SWAC","","7","20","62.8","71.9","-9.07","","-8.79","","-15.83","-4.09","-19.91","82.11","108.96","-26.85"
"345","Bethune-Cookman","MEAC","","5","20","72.2","80.0","-7.84","","-10.17","","-7.11","-12.98","-20.08","89.92","116.48","-26.56"
"346","Mississippi Valley State","SWAC","","4","22","69.3","84.8","-15.42","","-4.83","","-5.48","-14.78","-20.25","91.57","118.67","-27.10"
"347","Coppin State","MEAC","","7","20","64.3","78.3","-14.07","","-5.89","","-12.60","-8.61","-21.21","86.89","115.60","-28.71"
"348","Longwood","Big South","","6","19","67.4","80.8","-13.36","","-5.32","","-8.53","-12.70","-21.23","88.29","116.77","-28.48"
"349","Presbyterian","Big South","","5","20","62.3","73.6","-11.28","","-5.99","","-16.91","-5.08","-21.99","84.37","116.04","-31.67"
"350","North Carolina A&T","MEAC","","2","24","62.1","74.0","-11.92","","-8.35","","-14.27","-8.03","-22.30","89.36","120.98","-31.62"
"351","Alabama A&M","SWAC","","1","22","60.8","78.5","-17.70","","-9.99","","-16.39","-11.30","-27.69","84.42","123.66","-39.24"
